frame.time_epoch,frame.time_relative,tcp.time_relative,frame.number,frame.len,ip.src,tcp.srcport,ip.dst,tcp.dstport,tcp.len,tcp.seq,tcp.ack
"1746756877.276170000","0.000000000","0.000000000","1","60","100.64.0.2","54052","100.64.0.1","23557","0","0","0"
"1746756877.281289000","0.005119000","0.005119000","2","60","100.64.0.1","23557","100.64.0.2","54052","0","0","1"
"1746756877.463907000","0.187737000","0.187737000","3","52","100.64.0.2","54052","100.64.0.1","23557","0","1","1"
"1746756877.463928000","0.187758000","0.187758000","4","100","100.64.0.2","54052","100.64.0.1","23557","48","1","1"
"1746756877.463939000","0.187769000","0.187769000","5","100","100.64.0.2","54052","100.64.0.1","23557","48","49","1"
"1746756877.463949000","0.187779000","0.187779000","6","100","100.64.0.2","54052","100.64.0.1","23557","48","97","1"
"1746756877.463959000","0.187789000","0.187789000","7","61","100.64.0.2","54052","100.64.0.1","23557","9","145","1"
"1746756877.468068000","0.191898000","0.191898000","8","52","100.64.0.1","23557","100.64.0.2","54052","0","1","49"
"1746756877.468081000","0.191911000","0.191911000","9","52","100.64.0.1","23557","100.64.0.2","54052","0","1","97"
"1746756877.468085000","0.191915000","0.191915000","10","52","100.64.0.1","23557","100.64.0.2","54052","0","1","145"
"1746756877.468088000","0.191918000","0.191918000","11","52","100.64.0.1","23557","100.64.0.2","54052","0","1","154"
"1746756877.468092000","0.191922000","0.191922000","12","296","100.64.0.1","23557","100.64.0.2","54052","244","1","154"
"1746756877.468095000","0.191925000","0.191925000","13","296","100.64.0.1","23557","100.64.0.2","54052","244","245","154"
"1746756877.468099000","0.191929000","0.191929000","14","296","100.64.0.1","23557","100.64.0.2","54052","244","489","154"
"1746756877.468102000","0.191932000","0.191932000","15","296","100.64.0.1","23557","100.64.0.2","54052","244","733","154"
"1746756877.468105000","0.191935000","0.191935000","16","296","100.64.0.1","23557","100.64.0.2","54052","244","977","154"
"1746756877.469169000","0.192999000","0.192999000","17","296","100.64.0.1","23557","100.64.0.2","54052","244","1221","154"
"1746756877.469177000","0.193007000","0.193007000","18","296","100.64.0.1","23557","100.64.0.2","54052","244","1465","154"
"1746756877.511269000","0.235099000",,"19","76",,,,,,,
"1746756877.511280000","0.235110000",,"20","48",,,,,,,
"1746756877.514232000","0.238062000",,"21","76",,,,,,,
"1746756877.535232000","0.259062000",,"22","76",,,,,,,
"1746756877.651792000","0.375622000","0.375622000","23","52","100.64.0.2","54052","100.64.0.1","23557","0","154","245"
"1746756877.651806000","0.375636000","0.375636000","24","52","100.64.0.2","54052","100.64.0.1","23557","0","154","489"
"1746756877.651813000","0.375643000","0.375643000","25","52","100.64.0.2","54052","100.64.0.1","23557","0","154","733"
"1746756877.651819000","0.375649000","0.375649000","26","52","100.64.0.2","54052","100.64.0.1","23557","0","154","977"
"1746756877.655008000","0.378838000","0.378838000","27","296","100.64.0.1","23557","100.64.0.2","54052","244","1709","154"
"1746756877.655023000","0.378853000","0.378853000","28","296","100.64.0.1","23557","100.64.0.2","54052","244","1953","154"
"1746756877.655027000","0.378857000","0.378857000","29","296","100.64.0.1","23557","100.64.0.2","54052","244","2197","154"
"1746756877.655030000","0.378860000","0.378860000","30","296","100.64.0.1","23557","100.64.0.2","54052","244","2441","154"
"1746756877.655034000","0.378864000","0.378864000","31","296","100.64.0.1","23557","100.64.0.2","54052","244","2685","154"
"1746756877.655038000","0.378868000","0.378868000","32","296","100.64.0.1","23557","100.64.0.2","54052","244","2929","154"
"1746756877.655041000","0.378871000","0.378871000","33","296","100.64.0.1","23557","100.64.0.2","54052","244","3173","154"
"1746756877.655044000","0.378874000","0.378874000","34","296","100.64.0.1","23557","100.64.0.2","54052","244","3417","154"
"1746756877.655047000","0.378877000","0.378877000","35","296","100.64.0.1","23557","100.64.0.2","54052","244","3661","154"
"1746756877.656378000","0.380208000","0.380208000","36","296","100.64.0.1","23557","100.64.0.2","54052","244","3905","154"
"1746756877.656384000","0.380214000","0.380214000","37","296","100.64.0.1","23557","100.64.0.2","54052","244","4149","154"
"1746756877.656387000","0.380217000","0.380217000","38","296","100.64.0.1","23557","100.64.0.2","54052","244","4393","154"
"1746756877.656390000","0.380220000","0.380220000","39","296","100.64.0.1","23557","100.64.0.2","54052","244","4637","154"
"1746756877.656393000","0.380223000","0.380223000","40","296","100.64.0.1","23557","100.64.0.2","54052","244","4881","154"
"1746756877.656396000","0.380226000","0.380226000","41","296","100.64.0.1","23557","100.64.0.2","54052","244","5125","154"
"1746756877.656399000","0.380229000","0.380229000","42","296","100.64.0.1","23557","100.64.0.2","54052","244","5369","154"
"1746756877.656403000","0.380233000","0.380233000","43","296","100.64.0.1","23557","100.64.0.2","54052","244","5613","154"
"1746756877.656406000","0.380236000","0.380236000","44","296","100.64.0.1","23557","100.64.0.2","54052","244","5857","154"
"1746756877.656409000","0.380239000","0.380239000","45","296","100.64.0.1","23557","100.64.0.2","54052","244","6101","154"
"1746756877.656412000","0.380242000","0.380242000","46","296","100.64.0.1","23557","100.64.0.2","54052","244","6345","154"
"1746756877.656415000","0.380245000","0.380245000","47","296","100.64.0.1","23557","100.64.0.2","54052","244","6589","154"
"1746756877.656418000","0.380248000","0.380248000","48","296","100.64.0.1","23557","100.64.0.2","54052","244","6833","154"
"1746756877.656421000","0.380251000","0.380251000","49","296","100.64.0.1","23557","100.64.0.2","54052","244","7077","154"
"1746756877.656424000","0.380254000","0.380254000","50","296","100.64.0.1","23557","100.64.0.2","54052","244","7321","154"
"1746756877.656427000","0.380257000","0.380257000","51","296","100.64.0.1","23557","100.64.0.2","54052","244","7565","154"
"1746756877.656430000","0.380260000","0.380260000","52","296","100.64.0.1","23557","100.64.0.2","54052","244","7809","154"
"1746756877.656433000","0.380263000","0.380263000","53","296","100.64.0.1","23557","100.64.0.2","54052","244","8053","154"
"1746756877.656436000","0.380266000","0.380266000","54","296","100.64.0.1","23557","100.64.0.2","54052","244","8297","154"
"1746756877.656440000","0.380270000","0.380270000","55","296","100.64.0.1","23557","100.64.0.2","54052","244","8541","154"
"1746756877.656443000","0.380273000","0.380273000","56","296","100.64.0.1","23557","100.64.0.2","54052","244","8785","154"
"1746756877.656446000","0.380276000","0.380276000","57","296","100.64.0.1","23557","100.64.0.2","54052","244","9029","154"
"1746756877.656449000","0.380279000","0.380279000","58","296","100.64.0.1","23557","100.64.0.2","54052","244","9273","154"
"1746756877.656452000","0.380282000","0.380282000","59","296","100.64.0.1","23557","100.64.0.2","54052","244","9517","154"
"1746756877.656455000","0.380285000","0.380285000","60","296","100.64.0.1","23557","100.64.0.2","54052","244","9761","154"
"1746756877.656458000","0.380288000","0.380288000","61","296","100.64.0.1","23557","100.64.0.2","54052","244","10005","154"
"1746756877.656461000","0.380291000","0.380291000","62","296","100.64.0.1","23557","100.64.0.2","54052","244","10249","154"
"1746756877.656464000","0.380294000","0.380294000","63","296","100.64.0.1","23557","100.64.0.2","54052","244","10493","154"
"1746756877.656467000","0.380297000","0.380297000","64","296","100.64.0.1","23557","100.64.0.2","54052","244","10737","154"
"1746756877.656470000","0.380300000","0.380300000","65","296","100.64.0.1","23557","100.64.0.2","54052","244","10981","154"
"1746756877.656473000","0.380303000","0.380303000","66","296","100.64.0.1","23557","100.64.0.2","54052","244","11225","154"
"1746756877.656477000","0.380307000","0.380307000","67","296","100.64.0.1","23557","100.64.0.2","54052","244","11469","154"
"1746756877.656480000","0.380310000","0.380310000","68","296","100.64.0.1","23557","100.64.0.2","54052","244","11713","154"
"1746756877.656483000","0.380313000","0.380313000","69","296","100.64.0.1","23557","100.64.0.2","54052","244","11957","154"
"1746756877.656486000","0.380316000","0.380316000","70","296","100.64.0.1","23557","100.64.0.2","54052","244","12201","154"
"1746756877.656489000","0.380319000","0.380319000","71","296","100.64.0.1","23557","100.64.0.2","54052","244","12445","154"
"1746756877.656492000","0.380322000","0.380322000","72","296","100.64.0.1","23557","100.64.0.2","54052","244","12689","154"
"1746756877.656495000","0.380325000","0.380325000","73","296","100.64.0.1","23557","100.64.0.2","54052","244","12933","154"
"1746756877.656498000","0.380328000","0.380328000","74","296","100.64.0.1","23557","100.64.0.2","54052","244","13177","154"
"1746756877.656501000","0.380331000","0.380331000","75","296","100.64.0.1","23557","100.64.0.2","54052","244","13421","154"
"1746756877.656504000","0.380334000","0.380334000","76","296","100.64.0.1","23557","100.64.0.2","54052","244","13665","154"
"1746756877.656508000","0.380338000","0.380338000","77","296","100.64.0.1","23557","100.64.0.2","54052","244","13909","154"
"1746756877.656511000","0.380341000","0.380341000","78","296","100.64.0.1","23557","100.64.0.2","54052","244","14153","154"
"1746756877.656514000","0.380344000","0.380344000","79","296","100.64.0.1","23557","100.64.0.2","54052","244","14397","154"
"1746756877.656517000","0.380347000","0.380347000","80","296","100.64.0.1","23557","100.64.0.2","54052","244","14641","154"
"1746756877.656520000","0.380350000","0.380350000","81","296","100.64.0.1","23557","100.64.0.2","54052","244","14885","154"
"1746756877.656523000","0.380353000","0.380353000","82","296","100.64.0.1","23557","100.64.0.2","54052","244","15129","154"
"1746756877.656526000","0.380356000","0.380356000","83","296","100.64.0.1","23557","100.64.0.2","54052","244","15373","154"
"1746756877.656529000","0.380359000","0.380359000","84","296","100.64.0.1","23557","100.64.0.2","54052","244","15617","154"
"1746756877.656532000","0.380362000","0.380362000","85","296","100.64.0.1","23557","100.64.0.2","54052","244","15861","154"
"1746756877.656535000","0.380365000","0.380365000","86","296","100.64.0.1","23557","100.64.0.2","54052","244","16105","154"
"1746756877.656538000","0.380368000","0.380368000","87","296","100.64.0.1","23557","100.64.0.2","54052","244","16349","154"
"1746756877.656541000","0.380371000","0.380371000","88","296","100.64.0.1","23557","100.64.0.2","54052","244","16593","154"
"1746756877.656544000","0.380374000","0.380374000","89","296","100.64.0.1","23557","100.64.0.2","54052","244","16837","154"
"1746756877.656547000","0.380377000","0.380377000","90","296","100.64.0.1","23557","100.64.0.2","54052","244","17081","154"
"1746756877.656550000","0.380380000","0.380380000","91","296","100.64.0.1","23557","100.64.0.2","54052","244","17325","154"
"1746756877.656553000","0.380383000","0.380383000","92","296","100.64.0.1","23557","100.64.0.2","54052","244","17569","154"
"1746756877.656556000","0.380386000","0.380386000","93","296","100.64.0.1","23557","100.64.0.2","54052","244","17813","154"
"1746756877.656559000","0.380389000","0.380389000","94","296","100.64.0.1","23557","100.64.0.2","54052","244","18057","154"
"1746756877.656562000","0.380392000","0.380392000","95","296","100.64.0.1","23557","100.64.0.2","54052","244","18301","154"
"1746756877.656565000","0.380395000","0.380395000","96","296","100.64.0.1","23557","100.64.0.2","54052","244","18545","154"
"1746756877.656567000","0.380397000","0.380397000","97","296","100.64.0.1","23557","100.64.0.2","54052","244","18789","154"
"1746756877.656571000","0.380401000","0.380401000","98","296","100.64.0.1","23557","100.64.0.2","54052","244","19033","154"
"1746756877.656573000","0.380403000","0.380403000","99","296","100.64.0.1","23557","100.64.0.2","54052","244","19277","154"
"1746756877.656577000","0.380407000","0.380407000","100","296","100.64.0.1","23557","100.64.0.2","54052","244","19521","154"
"1746756877.656580000","0.380410000","0.380410000","101","296","100.64.0.1","23557","100.64.0.2","54052","244","19765","154"
"1746756877.656583000","0.380413000","0.380413000","102","296","100.64.0.1","23557","100.64.0.2","54052","244","20009","154"
"1746756877.656586000","0.380416000","0.380416000","103","296","100.64.0.1","23557","100.64.0.2","54052","244","20253","154"
"1746756877.656589000","0.380419000","0.380419000","104","296","100.64.0.1","23557","100.64.0.2","54052","244","20497","154"
"1746756877.656592000","0.380422000","0.380422000","105","296","100.64.0.1","23557","100.64.0.2","54052","244","20741","154"
"1746756877.656594000","0.380424000","0.380424000","106","296","100.64.0.1","23557","100.64.0.2","54052","244","20985","154"
"1746756877.656597000","0.380427000","0.380427000","107","296","100.64.0.1","23557","100.64.0.2","54052","244","21229","154"
"1746756877.656600000","0.380430000","0.380430000","108","296","100.64.0.1","23557","100.64.0.2","54052","244","21473","154"
"1746756877.656603000","0.380433000","0.380433000","109","296","100.64.0.1","23557","100.64.0.2","54052","244","21717","154"
"1746756877.656606000","0.380436000","0.380436000","110","296","100.64.0.1","23557","100.64.0.2","54052","244","21961","154"
"1746756877.656610000","0.380440000","0.380440000","111","296","100.64.0.1","23557","100.64.0.2","54052","244","22205","154"
"1746756877.656613000","0.380443000","0.380443000","112","296","100.64.0.1","23557","100.64.0.2","54052","244","22449","154"
"1746756877.656616000","0.380446000","0.380446000","113","296","100.64.0.1","23557","100.64.0.2","54052","244","22693","154"
"1746756877.656619000","0.380449000","0.380449000","114","296","100.64.0.1","23557","100.64.0.2","54052","244","22937","154"
"1746756877.656621000","0.380451000","0.380451000","115","296","100.64.0.1","23557","100.64.0.2","54052","244","23181","154"
"1746756877.656624000","0.380454000","0.380454000","116","296","100.64.0.1","23557","100.64.0.2","54052","244","23425","154"
"1746756877.656627000","0.380457000","0.380457000","117","296","100.64.0.1","23557","100.64.0.2","54052","244","23669","154"
"1746756877.656630000","0.380460000","0.380460000","118","296","100.64.0.1","23557","100.64.0.2","54052","244","23913","154"
"1746756877.656633000","0.380463000","0.380463000","119","296","100.64.0.1","23557","100.64.0.2","54052","244","24157","154"
"1746756877.656636000","0.380466000","0.380466000","120","296","100.64.0.1","23557","100.64.0.2","54052","244","24401","154"
"1746756877.656640000","0.380470000","0.380470000","121","296","100.64.0.1","23557","100.64.0.2","54052","244","24645","154"
"1746756877.656643000","0.380473000","0.380473000","122","296","100.64.0.1","23557","100.64.0.2","54052","244","24889","154"
"1746756877.656646000","0.380476000","0.380476000","123","296","100.64.0.1","23557","100.64.0.2","54052","244","25133","154"
"1746756877.656649000","0.380479000","0.380479000","124","296","100.64.0.1","23557","100.64.0.2","54052","244","25377","154"
"1746756877.656652000","0.380482000","0.380482000","125","296","100.64.0.1","23557","100.64.0.2","54052","244","25621","154"
"1746756877.656655000","0.380485000","0.380485000","126","296","100.64.0.1","23557","100.64.0.2","54052","244","25865","154"
"1746756877.656658000","0.380488000","0.380488000","127","296","100.64.0.1","23557","100.64.0.2","54052","244","26109","154"
"1746756877.656661000","0.380491000","0.380491000","128","296","100.64.0.1","23557","100.64.0.2","54052","244","26353","154"
"1746756877.656664000","0.380494000","0.380494000","129","296","100.64.0.1","23557","100.64.0.2","54052","244","26597","154"
"1746756877.656667000","0.380497000","0.380497000","130","296","100.64.0.1","23557","100.64.0.2","54052","244","26841","154"
"1746756877.656670000","0.380500000","0.380500000","131","296","100.64.0.1","23557","100.64.0.2","54052","244","27085","154"
"1746756877.656673000","0.380503000","0.380503000","132","296","100.64.0.1","23557","100.64.0.2","54052","244","27329","154"
"1746756877.656676000","0.380506000","0.380506000","133","296","100.64.0.1","23557","100.64.0.2","54052","244","27573","154"
"1746756877.656679000","0.380509000","0.380509000","134","296","100.64.0.1","23557","100.64.0.2","54052","244","27817","154"
"1746756877.656682000","0.380512000","0.380512000","135","296","100.64.0.1","23557","100.64.0.2","54052","244","28061","154"
"1746756877.656685000","0.380515000","0.380515000","136","296","100.64.0.1","23557","100.64.0.2","54052","244","28305","154"
"1746756877.656688000","0.380518000","0.380518000","137","296","100.64.0.1","23557","100.64.0.2","54052","244","28549","154"
"1746756877.656691000","0.380521000","0.380521000","138","296","100.64.0.1","23557","100.64.0.2","54052","244","28793","154"
"1746756877.656695000","0.380525000","0.380525000","139","296","100.64.0.1","23557","100.64.0.2","54052","244","29037","154"
"1746756877.656698000","0.380528000","0.380528000","140","296","100.64.0.1","23557","100.64.0.2","54052","244","29281","154"
"1746756877.656701000","0.380531000","0.380531000","141","296","100.64.0.1","23557","100.64.0.2","54052","244","29525","154"
"1746756877.656704000","0.380534000","0.380534000","142","296","100.64.0.1","23557","100.64.0.2","54052","244","29769","154"
"1746756877.656707000","0.380537000","0.380537000","143","296","100.64.0.1","23557","100.64.0.2","54052","244","30013","154"
"1746756877.656710000","0.380540000","0.380540000","144","296","100.64.0.1","23557","100.64.0.2","54052","244","30257","154"
"1746756877.656713000","0.380543000","0.380543000","145","296","100.64.0.1","23557","100.64.0.2","54052","244","30501","154"
"1746756877.656716000","0.380546000","0.380546000","146","296","100.64.0.1","23557","100.64.0.2","54052","244","30745","154"
"1746756877.656719000","0.380549000","0.380549000","147","296","100.64.0.1","23557","100.64.0.2","54052","244","30989","154"
"1746756877.656723000","0.380553000","0.380553000","148","296","100.64.0.1","23557","100.64.0.2","54052","244","31233","154"
"1746756877.656726000","0.380556000","0.380556000","149","296","100.64.0.1","23557","100.64.0.2","54052","244","31477","154"
"1746756877.656728000","0.380558000","0.380558000","150","296","100.64.0.1","23557","100.64.0.2","54052","244","31721","154"
"1746756877.656731000","0.380561000","0.380561000","151","296","100.64.0.1","23557","100.64.0.2","54052","244","31965","154"
"1746756877.656734000","0.380564000","0.380564000","152","296","100.64.0.1","23557","100.64.0.2","54052","244","32209","154"
"1746756877.656737000","0.380567000","0.380567000","153","296","100.64.0.1","23557","100.64.0.2","54052","244","32453","154"
"1746756877.656740000","0.380570000","0.380570000","154","296","100.64.0.1","23557","100.64.0.2","54052","244","32697","154"
"1746756877.656743000","0.380573000","0.380573000","155","296","100.64.0.1","23557","100.64.0.2","54052","244","32941","154"
"1746756877.656747000","0.380577000","0.380577000","156","296","100.64.0.1","23557","100.64.0.2","54052","244","33185","154"
"1746756877.656750000","0.380580000","0.380580000","157","296","100.64.0.1","23557","100.64.0.2","54052","244","33429","154"
"1746756877.656753000","0.380583000","0.380583000","158","296","100.64.0.1","23557","100.64.0.2","54052","244","33673","154"
"1746756877.656756000","0.380586000","0.380586000","159","296","100.64.0.1","23557","100.64.0.2","54052","244","33917","154"
"1746756877.656759000","0.380589000","0.380589000","160","296","100.64.0.1","23557","100.64.0.2","54052","244","34161","154"
"1746756877.656762000","0.380592000","0.380592000","161","296","100.64.0.1","23557","100.64.0.2","54052","244","34405","154"
"1746756877.656765000","0.380595000","0.380595000","162","296","100.64.0.1","23557","100.64.0.2","54052","244","34649","154"
"1746756877.656768000","0.380598000","0.380598000","163","296","100.64.0.1","23557","100.64.0.2","54052","244","34893","154"
"1746756877.656771000","0.380601000","0.380601000","164","296","100.64.0.1","23557","100.64.0.2","54052","244","35137","154"
"1746756877.656774000","0.380604000","0.380604000","165","296","100.64.0.1","23557","100.64.0.2","54052","244","35381","154"
"1746756877.656777000","0.380607000","0.380607000","166","296","100.64.0.1","23557","100.64.0.2","54052","244","35625","154"
"1746756877.656780000","0.380610000","0.380610000","167","296","100.64.0.1","23557","100.64.0.2","54052","244","35869","154"
"1746756877.656783000","0.380613000","0.380613000","168","296","100.64.0.1","23557","100.64.0.2","54052","244","36113","154"
"1746756877.656787000","0.380617000","0.380617000","169","296","100.64.0.1","23557","100.64.0.2","54052","244","36357","154"
"1746756877.656790000","0.380620000","0.380620000","170","296","100.64.0.1","23557","100.64.0.2","54052","244","36601","154"
"1746756877.656793000","0.380623000","0.380623000","171","296","100.64.0.1","23557","100.64.0.2","54052","244","36845","154"
"1746756877.656796000","0.380626000","0.380626000","172","296","100.64.0.1","23557","100.64.0.2","54052","244","37089","154"
"1746756877.656799000","0.380629000","0.380629000","173","296","100.64.0.1","23557","100.64.0.2","54052","244","37333","154"
"1746756877.656802000","0.380632000","0.380632000","174","296","100.64.0.1","23557","100.64.0.2","54052","244","37577","154"
"1746756877.656805000","0.380635000","0.380635000","175","296","100.64.0.1","23557","100.64.0.2","54052","244","37821","154"
"1746756877.656808000","0.380638000","0.380638000","176","296","100.64.0.1","23557","100.64.0.2","54052","244","38065","154"
"1746756877.656811000","0.380641000","0.380641000","177","296","100.64.0.1","23557","100.64.0.2","54052","244","38309","154"
"1746756877.656815000","0.380645000","0.380645000","178","296","100.64.0.1","23557","100.64.0.2","54052","244","38553","154"
"1746756877.656818000","0.380648000","0.380648000","179","296","100.64.0.1","23557","100.64.0.2","54052","244","38797","154"
"1746756877.656821000","0.380651000","0.380651000","180","296","100.64.0.1","23557","100.64.0.2","54052","244","39041","154"
"1746756877.656824000","0.380654000","0.380654000","181","296","100.64.0.1","23557","100.64.0.2","54052","244","39285","154"
"1746756877.656827000","0.380657000","0.380657000","182","296","100.64.0.1","23557","100.64.0.2","54052","244","39529","154"
"1746756877.656830000","0.380660000","0.380660000","183","296","100.64.0.1","23557","100.64.0.2","54052","244","39773","154"
"1746756877.656833000","0.380663000","0.380663000","184","296","100.64.0.1","23557","100.64.0.2","54052","244","40017","154"
"1746756877.656836000","0.380666000","0.380666000","185","296","100.64.0.1","23557","100.64.0.2","54052","244","40261","154"
"1746756877.656839000","0.380669000","0.380669000","186","296","100.64.0.1","23557","100.64.0.2","54052","244","40505","154"
"1746756877.656842000","0.380672000","0.380672000","187","296","100.64.0.1","23557","100.64.0.2","54052","244","40749","154"
"1746756877.656845000","0.380675000","0.380675000","188","296","100.64.0.1","23557","100.64.0.2","54052","244","40993","154"
"1746756877.656848000","0.380678000","0.380678000","189","296","100.64.0.1","23557","100.64.0.2","54052","244","41237","154"
"1746756877.656851000","0.380681000","0.380681000","190","296","100.64.0.1","23557","100.64.0.2","54052","244","41481","154"
"1746756877.656854000","0.380684000","0.380684000","191","296","100.64.0.1","23557","100.64.0.2","54052","244","41725","154"
"1746756877.656857000","0.380687000","0.380687000","192","296","100.64.0.1","23557","100.64.0.2","54052","244","41969","154"
"1746756877.656860000","0.380690000","0.380690000","193","296","100.64.0.1","23557","100.64.0.2","54052","244","42213","154"
"1746756877.656863000","0.380693000","0.380693000","194","296","100.64.0.1","23557","100.64.0.2","54052","244","42457","154"
"1746756877.656866000","0.380696000","0.380696000","195","296","100.64.0.1","23557","100.64.0.2","54052","244","42701","154"
"1746756877.656869000","0.380699000","0.380699000","196","296","100.64.0.1","23557","100.64.0.2","54052","244","42945","154"
"1746756877.656872000","0.380702000","0.380702000","197","296","100.64.0.1","23557","100.64.0.2","54052","244","43189","154"
"1746756877.656875000","0.380705000","0.380705000","198","296","100.64.0.1","23557","100.64.0.2","54052","244","43433","154"
"1746756877.656878000","0.380708000","0.380708000","199","296","100.64.0.1","23557","100.64.0.2","54052","244","43677","154"
"1746756877.656881000","0.380711000","0.380711000","200","296","100.64.0.1","23557","100.64.0.2","54052","244","43921","154"
"1746756877.656885000","0.380715000","0.380715000","201","296","100.64.0.1","23557","100.64.0.2","54052","244","44165","154"
"1746756877.656888000","0.380718000","0.380718000","202","296","100.64.0.1","23557","100.64.0.2","54052","244","44409","154"
"1746756877.656891000","0.380721000","0.380721000","203","296","100.64.0.1","23557","100.64.0.2","54052","244","44653","154"
"1746756877.656894000","0.380724000","0.380724000","204","296","100.64.0.1","23557","100.64.0.2","54052","244","44897","154"
"1746756877.656897000","0.380727000","0.380727000","205","296","100.64.0.1","23557","100.64.0.2","54052","244","45141","154"
"1746756877.656900000","0.380730000","0.380730000","206","296","100.64.0.1","23557","100.64.0.2","54052","244","45385","154"
"1746756877.656903000","0.380733000","0.380733000","207","296","100.64.0.1","23557","100.64.0.2","54052","244","45629","154"
"1746756877.656906000","0.380736000","0.380736000","208","296","100.64.0.1","23557","100.64.0.2","54052","244","45873","154"
"1746756877.656909000","0.380739000","0.380739000","209","296","100.64.0.1","23557","100.64.0.2","54052","244","46117","154"
"1746756877.656912000","0.380742000","0.380742000","210","296","100.64.0.1","23557","100.64.0.2","54052","244","46361","154"
"1746756877.656915000","0.380745000","0.380745000","211","296","100.64.0.1","23557","100.64.0.2","54052","244","46605","154"
"1746756877.656918000","0.380748000","0.380748000","212","296","100.64.0.1","23557","100.64.0.2","54052","244","46849","154"
"1746756877.656921000","0.380751000","0.380751000","213","296","100.64.0.1","23557","100.64.0.2","54052","244","47093","154"
"1746756877.656924000","0.380754000","0.380754000","214","296","100.64.0.1","23557","100.64.0.2","54052","244","47337","154"
"1746756877.656927000","0.380757000","0.380757000","215","296","100.64.0.1","23557","100.64.0.2","54052","244","47581","154"
"1746756877.656930000","0.380760000","0.380760000","216","296","100.64.0.1","23557","100.64.0.2","54052","244","47825","154"
"1746756877.656933000","0.380763000","0.380763000","217","296","100.64.0.1","23557","100.64.0.2","54052","244","48069","154"
"1746756877.656936000","0.380766000","0.380766000","218","296","100.64.0.1","23557","100.64.0.2","54052","244","48313","154"
"1746756877.656939000","0.380769000","0.380769000","219","296","100.64.0.1","23557","100.64.0.2","54052","244","48557","154"
"1746756877.656942000","0.380772000","0.380772000","220","296","100.64.0.1","23557","100.64.0.2","54052","244","48801","154"
"1746756877.656945000","0.380775000","0.380775000","221","296","100.64.0.1","23557","100.64.0.2","54052","244","49045","154"
"1746756877.656948000","0.380778000","0.380778000","222","296","100.64.0.1","23557","100.64.0.2","54052","244","49289","154"
"1746756877.656951000","0.380781000","0.380781000","223","296","100.64.0.1","23557","100.64.0.2","54052","244","49533","154"
"1746756877.656954000","0.380784000","0.380784000","224","296","100.64.0.1","23557","100.64.0.2","54052","244","49777","154"
"1746756877.656957000","0.380787000","0.380787000","225","296","100.64.0.1","23557","100.64.0.2","54052","244","50021","154"
"1746756877.656960000","0.380790000","0.380790000","226","296","100.64.0.1","23557","100.64.0.2","54052","244","50265","154"
"1746756877.658022000","0.381852000","0.381852000","227","296","100.64.0.1","23557","100.64.0.2","54052","244","50509","154"
"1746756877.658031000","0.381861000","0.381861000","228","296","100.64.0.1","23557","100.64.0.2","54052","244","50753","154"
"1746756877.658036000","0.381866000","0.381866000","229","296","100.64.0.1","23557","100.64.0.2","54052","244","50997","154"
"1746756877.658041000","0.381871000","0.381871000","230","296","100.64.0.1","23557","100.64.0.2","54052","244","51241","154"
"1746756877.658046000","0.381876000","0.381876000","231","296","100.64.0.1","23557","100.64.0.2","54052","244","51485","154"
"1746756877.658049000","0.381879000","0.381879000","232","296","100.64.0.1","23557","100.64.0.2","54052","244","51729","154"
"1746756877.658052000","0.381882000","0.381882000","233","296","100.64.0.1","23557","100.64.0.2","54052","244","51973","154"
"1746756877.658055000","0.381885000","0.381885000","234","296","100.64.0.1","23557","100.64.0.2","54052","244","52217","154"
"1746756877.658058000","0.381888000","0.381888000","235","296","100.64.0.1","23557","100.64.0.2","54052","244","52461","154"
"1746756877.658061000","0.381891000","0.381891000","236","296","100.64.0.1","23557","100.64.0.2","54052","244","52705","154"
"1746756877.658064000","0.381894000","0.381894000","237","296","100.64.0.1","23557","100.64.0.2","54052","244","52949","154"
"1746756877.658067000","0.381897000","0.381897000","238","296","100.64.0.1","23557","100.64.0.2","54052","244","53193","154"
"1746756877.658070000","0.381900000","0.381900000","239","296","100.64.0.1","23557","100.64.0.2","54052","244","53437","154"
"1746756877.658073000","0.381903000","0.381903000","240","296","100.64.0.1","23557","100.64.0.2","54052","244","53681","154"
"1746756877.658076000","0.381906000","0.381906000","241","296","100.64.0.1","23557","100.64.0.2","54052","244","53925","154"
"1746756877.658079000","0.381909000","0.381909000","242","296","100.64.0.1","23557","100.64.0.2","54052","244","54169","154"
"1746756877.658082000","0.381912000","0.381912000","243","296","100.64.0.1","23557","100.64.0.2","54052","244","54413","154"
"1746756877.658085000","0.381915000","0.381915000","244","296","100.64.0.1","23557","100.64.0.2","54052","244","54657","154"
"1746756877.658088000","0.381918000","0.381918000","245","296","100.64.0.1","23557","100.64.0.2","54052","244","54901","154"
"1746756877.658091000","0.381921000","0.381921000","246","296","100.64.0.1","23557","100.64.0.2","54052","244","55145","154"
"1746756877.658094000","0.381924000","0.381924000","247","296","100.64.0.1","23557","100.64.0.2","54052","244","55389","154"
"1746756877.658097000","0.381927000","0.381927000","248","296","100.64.0.1","23557","100.64.0.2","54052","244","55633","154"
"1746756877.658100000","0.381930000","0.381930000","249","296","100.64.0.1","23557","100.64.0.2","54052","244","55877","154"
"1746756877.658103000","0.381933000","0.381933000","250","296","100.64.0.1","23557","100.64.0.2","54052","244","56121","154"
"1746756877.658106000","0.381936000","0.381936000","251","296","100.64.0.1","23557","100.64.0.2","54052","244","56365","154"
"1746756877.658109000","0.381939000","0.381939000","252","296","100.64.0.1","23557","100.64.0.2","54052","244","56609","154"
"1746756877.658112000","0.381942000","0.381942000","253","296","100.64.0.1","23557","100.64.0.2","54052","244","56853","154"
"1746756877.658115000","0.381945000","0.381945000","254","296","100.64.0.1","23557","100.64.0.2","54052","244","57097","154"
"1746756877.658118000","0.381948000","0.381948000","255","296","100.64.0.1","23557","100.64.0.2","54052","244","57341","154"
"1746756877.658122000","0.381952000","0.381952000","256","296","100.64.0.1","23557","100.64.0.2","54052","244","57585","154"
"1746756877.658127000","0.381957000","0.381957000","257","296","100.64.0.1","23557","100.64.0.2","54052","244","57829","154"
"1746756877.658131000","0.381961000","0.381961000","258","296","100.64.0.1","23557","100.64.0.2","54052","244","58073","154"
"1746756877.658137000","0.381967000","0.381967000","259","296","100.64.0.1","23557","100.64.0.2","54052","244","58317","154"
"1746756877.658141000","0.381971000","0.381971000","260","296","100.64.0.1","23557","100.64.0.2","54052","244","58561","154"
"1746756877.658147000","0.381977000","0.381977000","261","296","100.64.0.1","23557","100.64.0.2","54052","244","58805","154"
"1746756877.658151000","0.381981000","0.381981000","262","296","100.64.0.1","23557","100.64.0.2","54052","244","59049","154"
"1746756877.658155000","0.381985000","0.381985000","263","296","100.64.0.1","23557","100.64.0.2","54052","244","59293","154"
"1746756877.658159000","0.381989000","0.381989000","264","296","100.64.0.1","23557","100.64.0.2","54052","244","59537","154"
"1746756877.658164000","0.381994000","0.381994000","265","296","100.64.0.1","23557","100.64.0.2","54052","244","59781","154"
"1746756877.658168000","0.381998000","0.381998000","266","296","100.64.0.1","23557","100.64.0.2","54052","244","60025","154"
"1746756877.658171000","0.382001000","0.382001000","267","296","100.64.0.1","23557","100.64.0.2","54052","244","60269","154"
"1746756877.658174000","0.382004000","0.382004000","268","296","100.64.0.1","23557","100.64.0.2","54052","244","60513","154"
"1746756877.658177000","0.382007000","0.382007000","269","296","100.64.0.1","23557","100.64.0.2","54052","244","60757","154"
"1746756877.658180000","0.382010000","0.382010000","270","296","100.64.0.1","23557","100.64.0.2","54052","244","61001","154"
"1746756877.658183000","0.382013000","0.382013000","271","296","100.64.0.1","23557","100.64.0.2","54052","244","61245","154"
"1746756877.658186000","0.382016000","0.382016000","272","296","100.64.0.1","23557","100.64.0.2","54052","244","61489","154"
"1746756877.658189000","0.382019000","0.382019000","273","296","100.64.0.1","23557","100.64.0.2","54052","244","61733","154"
"1746756877.658192000","0.382022000","0.382022000","274","296","100.64.0.1","23557","100.64.0.2","54052","244","61977","154"
"1746756877.658195000","0.382025000","0.382025000","275","296","100.64.0.1","23557","100.64.0.2","54052","244","62221","154"
"1746756877.658198000","0.382028000","0.382028000","276","296","100.64.0.1","23557","100.64.0.2","54052","244","62465","154"
"1746756877.658201000","0.382031000","0.382031000","277","296","100.64.0.1","23557","100.64.0.2","54052","244","62709","154"
"1746756877.658204000","0.382034000","0.382034000","278","296","100.64.0.1","23557","100.64.0.2","54052","244","62953","154"
"1746756877.658207000","0.382037000","0.382037000","279","296","100.64.0.1","23557","100.64.0.2","54052","244","63197","154"
"1746756877.658210000","0.382040000","0.382040000","280","296","100.64.0.1","23557","100.64.0.2","54052","244","63441","154"
"1746756877.658213000","0.382043000","0.382043000","281","296","100.64.0.1","23557","100.64.0.2","54052","244","63685","154"
"1746756877.658221000","0.382051000","0.382051000","282","296","100.64.0.1","23557","100.64.0.2","54052","244","63929","154"
"1746756877.658224000","0.382054000","0.382054000","283","296","100.64.0.1","23557","100.64.0.2","54052","244","64173","154"
"1746756877.658227000","0.382057000","0.382057000","284","296","100.64.0.1","23557","100.64.0.2","54052","244","64417","154"
"1746756877.658229000","0.382059000","0.382059000","285","296","100.64.0.1","23557","100.64.0.2","54052","244","64661","154"
"1746756877.658232000","0.382062000","0.382062000","286","296","100.64.0.1","23557","100.64.0.2","54052","244","64905","154"
"1746756877.658236000","0.382066000","0.382066000","287","296","100.64.0.1","23557","100.64.0.2","54052","244","65149","154"
"1746756877.658239000","0.382069000","0.382069000","288","296","100.64.0.1","23557","100.64.0.2","54052","244","65393","154"
"1746756877.658242000","0.382072000","0.382072000","289","296","100.64.0.1","23557","100.64.0.2","54052","244","65637","154"
"1746756877.658245000","0.382075000","0.382075000","290","130","100.64.0.1","23557","100.64.0.2","54052","78","65881","154"
"1746756877.713853000","0.437683000","0.437683000","291","52","100.64.0.2","54052","100.64.0.1","23557","0","154","1221"
"1746756877.713863000","0.437693000","0.437693000","292","52","100.64.0.2","54052","100.64.0.1","23557","0","154","1465"
"1746756877.713868000","0.437698000","0.437698000","293","52","100.64.0.2","54052","100.64.0.1","23557","0","154","1709"
"1746756877.718124000","0.441954000","0.441954000","294","296","100.64.0.1","23557","100.64.0.2","54052","244","65959","154"
"1746756877.729358000","0.453188000",,"295","76",,,,,,,
"1746756877.838769000","0.562599000","0.562599000","296","52","100.64.0.2","54052","100.64.0.1","23557","0","154","1953"
"1746756877.838779000","0.562609000","0.562609000","297","52","100.64.0.2","54052","100.64.0.1","23557","0","154","2441"
"1746756877.838783000","0.562613000","0.562613000","298","52","100.64.0.2","54052","100.64.0.1","23557","0","154","2685"
"1746756877.838787000","0.562617000","0.562617000","299","52","100.64.0.2","54052","100.64.0.1","23557","0","154","2929"
"1746756877.842997000","0.566827000","0.566827000","300","296","100.64.0.1","23557","100.64.0.2","54052","244","66203","154"
"1746756877.843013000","0.566843000","0.566843000","301","296","100.64.0.1","23557","100.64.0.2","54052","244","66447","154"
"1746756877.843018000","0.566848000","0.566848000","302","162","100.64.0.1","23557","100.64.0.2","54052","110","66691","154"
"1746756877.901694000","0.625524000","0.625524000","303","52","100.64.0.2","54052","100.64.0.1","23557","0","154","3173"
"1746756877.901702000","0.625532000","0.625532000","304","52","100.64.0.2","54052","100.64.0.1","23557","0","154","3417"
"1746756877.901706000","0.625536000","0.625536000","305","52","100.64.0.2","54052","100.64.0.1","23557","0","154","3661"
"1746756877.901709000","0.625539000","0.625539000","306","52","100.64.0.2","54052","100.64.0.1","23557","0","154","3905"
"1746756877.901713000","0.625543000","0.625543000","307","52","100.64.0.2","54052","100.64.0.1","23557","0","154","4149"
"1746756877.905923000","0.629753000","0.629753000","308","296","100.64.0.1","23557","100.64.0.2","54052","244","66801","154"
"1746756877.963808000","0.687638000","0.687638000","309","52","100.64.0.2","54052","100.64.0.1","23557","0","154","5369"
"1746756877.968030000","0.691860000","0.691860000","310","296","100.64.0.1","23557","100.64.0.2","54052","244","67045","154"
"1746756877.999237000","0.723067000",,"311","76",,,,,,,
"1746756878.026663000","0.750493000","0.750493000","312","52","100.64.0.2","54052","100.64.0.1","23557","0","154","5857"
"1746756878.026684000","0.750514000","0.750514000","313","52","100.64.0.2","54052","100.64.0.1","23557","0","154","5857"
"1746756878.026696000","0.750526000","0.750526000","314","52","100.64.0.2","54052","100.64.0.1","23557","0","154","5857"
"1746756878.030913000","0.754743000","0.754743000","315","296","100.64.0.1","23557","100.64.0.2","54052","244","67289","154"
"1746756878.050335000","0.774165000",,"316","76",,,,,,,
"1746756878.088526000","0.812356000","0.812356000","317","52","100.64.0.2","54052","100.64.0.1","23557","0","154","5857"
"1746756878.088541000","0.812371000","0.812371000","318","52","100.64.0.2","54052","100.64.0.1","23557","0","154","5857"
"1746756878.092757000","0.816587000","0.816587000","319","296","100.64.0.1","23557","100.64.0.2","54052","244","5857","154"
"1746756878.151527000","0.875357000","0.875357000","320","52","100.64.0.2","54052","100.64.0.1","23557","0","154","5857"
"1746756878.213373000","0.937203000","0.937203000","321","52","100.64.0.2","54052","100.64.0.1","23557","0","154","5857"
"1746756878.276246000","1.000076000","1.000076000","322","52","100.64.0.2","54052","100.64.0.1","23557","0","154","6101"
"1746756878.280468000","1.004298000","1.004298000","323","296","100.64.0.1","23557","100.64.0.2","54052","244","6101","154"
"1746756878.463980000","1.187810000","1.187810000","324","52","100.64.0.2","54052","100.64.0.1","23557","0","154","6345"
"1746756878.468189000","1.192019000","1.192019000","325","296","100.64.0.1","23557","100.64.0.2","54052","244","6345","154"
"1746756878.468206000","1.192036000","1.192036000","326","296","100.64.0.1","23557","100.64.0.2","54052","244","67533","154"
"1746756878.651740000","1.375570000","1.375570000","327","52","100.64.0.2","54052","100.64.0.1","23557","0","154","6589"
"1746756878.651754000","1.375584000","1.375584000","328","52","100.64.0.2","54052","100.64.0.1","23557","0","154","6589"
"1746756878.655967000","1.379797000","1.379797000","329","296","100.64.0.1","23557","100.64.0.2","54052","244","6589","154"
"1746756878.838531000","1.562361000","1.562361000","330","52","100.64.0.2","54052","100.64.0.1","23557","0","154","6833"
"1746756878.842741000","1.566571000","1.566571000","331","296","100.64.0.1","23557","100.64.0.2","54052","244","6833","154"
"1746756879.026323000","1.750153000","1.750153000","332","52","100.64.0.2","54052","100.64.0.1","23557","0","154","7077"
"1746756879.030555000","1.754385000","1.754385000","333","296","100.64.0.1","23557","100.64.0.2","54052","244","7077","154"
"1746756879.030570000","1.754400000","1.754400000","334","296","100.64.0.1","23557","100.64.0.2","54052","244","67777","154"
"1746756879.214041000","1.937871000","1.937871000","335","52","100.64.0.2","54052","100.64.0.1","23557","0","154","7321"
"1746756879.214052000","1.937882000","1.937882000","336","52","100.64.0.2","54052","100.64.0.1","23557","0","154","7321"
"1746756879.218240000","1.942070000","1.942070000","337","296","100.64.0.1","23557","100.64.0.2","54052","244","7321","154"
"1746756879.401748000","2.125578000","2.125578000","338","52","100.64.0.2","54052","100.64.0.1","23557","0","154","7565"
"1746756879.405948000","2.129778000","2.129778000","339","296","100.64.0.1","23557","100.64.0.2","54052","244","7565","154"
"1746756879.405959000","2.129789000","2.129789000","340","296","100.64.0.1","23557","100.64.0.2","54052","244","68021","154"
"1746756879.588494000","2.312324000","2.312324000","341","52","100.64.0.2","54052","100.64.0.1","23557","0","154","7809"
"1746756879.588509000","2.312339000","2.312339000","342","52","100.64.0.2","54052","100.64.0.1","23557","0","154","7809"
"1746756879.592787000","2.316617000","2.316617000","343","296","100.64.0.1","23557","100.64.0.2","54052","244","7809","154"
"1746756879.776392000","2.500222000","2.500222000","344","52","100.64.0.2","54052","100.64.0.1","23557","0","154","8053"
"1746756879.780636000","2.504466000","2.504466000","345","296","100.64.0.1","23557","100.64.0.2","54052","244","8053","154"
"1746756879.780656000","2.504486000","2.504486000","346","296","100.64.0.1","23557","100.64.0.2","54052","244","68265","154"
"1746756879.963231000","2.687061000","2.687061000","347","52","100.64.0.2","54052","100.64.0.1","23557","0","154","8297"
"1746756879.963251000","2.687081000","2.687081000","348","52","100.64.0.2","54052","100.64.0.1","23557","0","154","8297"
"1746756879.967463000","2.691293000","2.691293000","349","296","100.64.0.1","23557","100.64.0.2","54052","244","8297","154"
"1746756880.151147000","2.874977000","2.874977000","350","52","100.64.0.2","54052","100.64.0.1","23557","0","154","8541"
"1746756880.155368000","2.879198000","2.879198000","351","296","100.64.0.1","23557","100.64.0.2","54052","244","8541","154"
"1746756880.155382000","2.879212000","2.879212000","352","296","100.64.0.1","23557","100.64.0.2","54052","244","68509","154"
"1746756880.338985000","3.062815000","3.062815000","353","52","100.64.0.2","54052","100.64.0.1","23557","0","154","8785"
"1746756880.339006000","3.062836000","3.062836000","354","52","100.64.0.2","54052","100.64.0.1","23557","0","154","8785"
"1746756880.343495000","3.067325000","3.067325000","355","296","100.64.0.1","23557","100.64.0.2","54052","244","8785","154"
"1746756880.526203000","3.250033000","3.250033000","356","52","100.64.0.2","54052","100.64.0.1","23557","0","154","9029"
"1746756880.530497000","3.254327000","3.254327000","357","296","100.64.0.1","23557","100.64.0.2","54052","244","9029","154"
"1746756880.530518000","3.254348000","3.254348000","358","296","100.64.0.1","23557","100.64.0.2","54052","244","68753","154"
"1746756880.713196000","3.437026000","3.437026000","359","52","100.64.0.2","54052","100.64.0.1","23557","0","154","9273"
"1746756880.713220000","3.437050000","3.437050000","360","52","100.64.0.2","54052","100.64.0.1","23557","0","154","9273"
"1746756880.717435000","3.441265000","3.441265000","361","296","100.64.0.1","23557","100.64.0.2","54052","244","9273","154"
"1746756880.902061000","3.625891000","3.625891000","362","52","100.64.0.2","54052","100.64.0.1","23557","0","154","9517"
"1746756880.906388000","3.630218000","3.630218000","363","296","100.64.0.1","23557","100.64.0.2","54052","244","9517","154"
"1746756880.906409000","3.630239000","3.630239000","364","296","100.64.0.1","23557","100.64.0.2","54052","244","68997","154"
"1746756881.089001000","3.812831000","3.812831000","365","52","100.64.0.2","54052","100.64.0.1","23557","0","154","9761"
"1746756881.089013000","3.812843000","3.812843000","366","52","100.64.0.2","54052","100.64.0.1","23557","0","154","9761"
"1746756881.093305000","3.817135000","3.817135000","367","296","100.64.0.1","23557","100.64.0.2","54052","244","9761","154"
"1746756881.121321000","3.845151000",,"368","48",,,,,,,
"1746756881.276931000","4.000761000","4.000761000","369","52","100.64.0.2","54052","100.64.0.1","23557","0","154","10005"
"1746756881.281229000","4.005059000","4.005059000","370","296","100.64.0.1","23557","100.64.0.2","54052","244","10005","154"
"1746756881.281244000","4.005074000","4.005074000","371","296","100.64.0.1","23557","100.64.0.2","54052","244","69241","154"
"1746756881.463992000","4.187822000","4.187822000","372","52","100.64.0.2","54052","100.64.0.1","23557","0","154","10249"
"1746756881.464024000","4.187854000","4.187854000","373","52","100.64.0.2","54052","100.64.0.1","23557","0","154","10249"
"1746756881.468315000","4.192145000","4.192145000","374","296","100.64.0.1","23557","100.64.0.2","54052","244","10249","154"
"1746756881.651686000","4.375516000","4.375516000","375","52","100.64.0.2","54052","100.64.0.1","23557","0","154","10493"
"1746756881.655928000","4.379758000","4.379758000","376","296","100.64.0.1","23557","100.64.0.2","54052","244","10493","154"
"1746756881.655943000","4.379773000","4.379773000","377","296","100.64.0.1","23557","100.64.0.2","54052","244","69485","154"
"1746756881.838551000","4.562381000","4.562381000","378","52","100.64.0.2","54052","100.64.0.1","23557","0","154","10737"
"1746756881.838564000","4.562394000","4.562394000","379","52","100.64.0.2","54052","100.64.0.1","23557","0","154","10737"
"1746756881.842779000","4.566609000","4.566609000","380","296","100.64.0.1","23557","100.64.0.2","54052","244","10737","154"
"1746756882.026385000","4.750215000","4.750215000","381","52","100.64.0.2","54052","100.64.0.1","23557","0","154","10981"
"1746756882.030665000","4.754495000","4.754495000","382","296","100.64.0.1","23557","100.64.0.2","54052","244","10981","154"
"1746756882.030693000","4.754523000","4.754523000","383","296","100.64.0.1","23557","100.64.0.2","54052","244","69729","154"
"1746756882.079248000","4.803078000",,"384","48",,,,,,,
"1746756882.213208000","4.937038000","4.937038000","385","52","100.64.0.2","54052","100.64.0.1","23557","0","154","11225"
"1746756882.213225000","4.937055000","4.937055000","386","52","100.64.0.2","54052","100.64.0.1","23557","0","154","11225"
"1746756882.217433000","4.941263000","4.941263000","387","296","100.64.0.1","23557","100.64.0.2","54052","244","11225","154"
"1746756882.401938000","5.125768000","5.125768000","388","52","100.64.0.2","54052","100.64.0.1","23557","0","154","11469"
"1746756882.406276000","5.130106000","5.130106000","389","296","100.64.0.1","23557","100.64.0.2","54052","244","11469","154"
"1746756882.406298000","5.130128000","5.130128000","390","296","100.64.0.1","23557","100.64.0.2","54052","244","69973","154"
"1746756882.588866000","5.312696000","5.312696000","391","52","100.64.0.2","54052","100.64.0.1","23557","0","154","11713"
"1746756882.588877000","5.312707000","5.312707000","392","52","100.64.0.2","54052","100.64.0.1","23557","0","154","11713"
"1746756882.593091000","5.316921000","5.316921000","393","296","100.64.0.1","23557","100.64.0.2","54052","244","11713","154"
"1746756882.776726000","5.500556000","5.500556000","394","52","100.64.0.2","54052","100.64.0.1","23557","0","154","11957"
"1746756882.781037000","5.504867000","5.504867000","395","296","100.64.0.1","23557","100.64.0.2","54052","244","11957","154"
"1746756882.963614000","5.687444000","5.687444000","396","52","100.64.0.2","54052","100.64.0.1","23557","0","154","12201"
"1746756882.967929000","5.691759000","5.691759000","397","296","100.64.0.1","23557","100.64.0.2","54052","244","12201","154"
"1746756882.967948000","5.691778000","5.691778000","398","296","100.64.0.1","23557","100.64.0.2","54052","244","70217","154"
"1746756883.151514000","5.875344000","5.875344000","399","52","100.64.0.2","54052","100.64.0.1","23557","0","154","12445"
"1746756883.151526000","5.875356000","5.875356000","400","52","100.64.0.2","54052","100.64.0.1","23557","0","154","12445"
"1746756883.155853000","5.879683000","5.879683000","401","296","100.64.0.1","23557","100.64.0.2","54052","244","12445","154"
"1746756883.338521000","6.062351000","6.062351000","402","52","100.64.0.2","54052","100.64.0.1","23557","0","154","12689"
"1746756883.342815000","6.066645000","6.066645000","403","296","100.64.0.1","23557","100.64.0.2","54052","244","12689","154"
"1746756883.342835000","6.066665000","6.066665000","404","296","100.64.0.1","23557","100.64.0.2","54052","244","70461","154"
"1746756883.526563000","6.250393000","6.250393000","405","52","100.64.0.2","54052","100.64.0.1","23557","0","154","12933"
"1746756883.526575000","6.250405000","6.250405000","406","52","100.64.0.2","54052","100.64.0.1","23557","0","154","12933"
"1746756883.530863000","6.254693000","6.254693000","407","296","100.64.0.1","23557","100.64.0.2","54052","244","12933","154"
"1746756883.713946000","6.437776000","6.437776000","408","52","100.64.0.2","54052","100.64.0.1","23557","0","154","13177"
"1746756883.718263000","6.442093000","6.442093000","409","296","100.64.0.1","23557","100.64.0.2","54052","244","13177","154"
"1746756883.718282000","6.442112000","6.442112000","410","296","100.64.0.1","23557","100.64.0.2","54052","244","70705","154"
"1746756883.901908000","6.625738000","6.625738000","411","52","100.64.0.2","54052","100.64.0.1","23557","0","154","13421"
"1746756883.901928000","6.625758000","6.625758000","412","52","100.64.0.2","54052","100.64.0.1","23557","0","154","13421"
"1746756883.906235000","6.630065000","6.630065000","413","296","100.64.0.1","23557","100.64.0.2","54052","244","13421","154"
"1746756884.088735000","6.812565000","6.812565000","414","52","100.64.0.2","54052","100.64.0.1","23557","0","154","13665"
"1746756884.093083000","6.816913000","6.816913000","415","296","100.64.0.1","23557","100.64.0.2","54052","244","13665","154"
"1746756884.093104000","6.816934000","6.816934000","416","296","100.64.0.1","23557","100.64.0.2","54052","244","70949","154"
"1746756884.276854000","7.000684000","7.000684000","417","52","100.64.0.2","54052","100.64.0.1","23557","0","154","13909"
"1746756884.276867000","7.000697000","7.000697000","418","52","100.64.0.2","54052","100.64.0.1","23557","0","154","13909"
"1746756884.281147000","7.004977000","7.004977000","419","296","100.64.0.1","23557","100.64.0.2","54052","244","13909","154"
"1746756884.463721000","7.187551000","7.187551000","420","52","100.64.0.2","54052","100.64.0.1","23557","0","154","14153"
"1746756884.468062000","7.191892000","7.191892000","421","296","100.64.0.1","23557","100.64.0.2","54052","244","14153","154"
"1746756884.468083000","7.191913000","7.191913000","422","296","100.64.0.1","23557","100.64.0.2","54052","244","71193","154"
"1746756884.651808000","7.375638000","7.375638000","423","52","100.64.0.2","54052","100.64.0.1","23557","0","154","14397"
"1746756884.651821000","7.375651000","7.375651000","424","52","100.64.0.2","54052","100.64.0.1","23557","0","154","14397"
"1746756884.656138000","7.379968000","7.379968000","425","296","100.64.0.1","23557","100.64.0.2","54052","244","14397","154"
"1746756884.838718000","7.562548000","7.562548000","426","52","100.64.0.2","54052","100.64.0.1","23557","0","154","14641"
"1746756884.842999000","7.566829000","7.566829000","427","296","100.64.0.1","23557","100.64.0.2","54052","244","14641","154"
"1746756884.843020000","7.566850000","7.566850000","428","296","100.64.0.1","23557","100.64.0.2","54052","244","71437","154"
"1746756885.026782000","7.750612000","7.750612000","429","52","100.64.0.2","54052","100.64.0.1","23557","0","154","14885"
"1746756885.026796000","7.750626000","7.750626000","430","52","100.64.0.2","54052","100.64.0.1","23557","0","154","14885"
"1746756885.031127000","7.754957000","7.754957000","431","296","100.64.0.1","23557","100.64.0.2","54052","244","14885","154"
"1746756885.213798000","7.937628000","7.937628000","432","52","100.64.0.2","54052","100.64.0.1","23557","0","154","15129"
"1746756885.218182000","7.942012000","7.942012000","433","296","100.64.0.1","23557","100.64.0.2","54052","244","15129","154"
"1746756885.218202000","7.942032000","7.942032000","434","296","100.64.0.1","23557","100.64.0.2","54052","244","71681","154"
"1746756885.401852000","8.125682000","8.125682000","435","52","100.64.0.2","54052","100.64.0.1","23557","0","154","15373"
"1746756885.401864000","8.125694000","8.125694000","436","52","100.64.0.2","54052","100.64.0.1","23557","0","154","15373"
"1746756885.406174000","8.130004000","8.130004000","437","296","100.64.0.1","23557","100.64.0.2","54052","244","15373","154"
"1746756885.588883000","8.312713000","8.312713000","438","52","100.64.0.2","54052","100.64.0.1","23557","0","154","15617"
"1746756885.593254000","8.317084000","8.317084000","439","296","100.64.0.1","23557","100.64.0.2","54052","244","15617","154"
"1746756885.593275000","8.317105000","8.317105000","440","296","100.64.0.1","23557","100.64.0.2","54052","244","71925","154"
"1746756885.776983000","8.500813000","8.500813000","441","52","100.64.0.2","54052","100.64.0.1","23557","0","154","15861"
"1746756885.776995000","8.500825000","8.500825000","442","52","100.64.0.2","54052","100.64.0.1","23557","0","154","15861"
"1746756885.781342000","8.505172000","8.505172000","443","296","100.64.0.1","23557","100.64.0.2","54052","244","15861","154"
"1746756885.963952000","8.687782000","8.687782000","444","52","100.64.0.2","54052","100.64.0.1","23557","0","154","16105"
"1746756885.968296000","8.692126000","8.692126000","445","296","100.64.0.1","23557","100.64.0.2","54052","244","16105","154"
"1746756885.968310000","8.692140000","8.692140000","446","296","100.64.0.1","23557","100.64.0.2","54052","244","72169","154"
"1746756886.151963000","8.875793000","8.875793000","447","52","100.64.0.2","54052","100.64.0.1","23557","0","154","16349"
"1746756886.151977000","8.875807000","8.875807000","448","52","100.64.0.2","54052","100.64.0.1","23557","0","154","16349"
"1746756886.156256000","8.880086000","8.880086000","449","296","100.64.0.1","23557","100.64.0.2","54052","244","16349","154"
"1746756886.338855000","9.062685000","9.062685000","450","52","100.64.0.2","54052","100.64.0.1","23557","0","154","16593"
"1746756886.343155000","9.066985000","9.066985000","451","296","100.64.0.1","23557","100.64.0.2","54052","244","16593","154"
"1746756886.343172000","9.067002000","9.067002000","452","296","100.64.0.1","23557","100.64.0.2","54052","244","72413","154"
"1746756886.526777000","9.250607000","9.250607000","453","52","100.64.0.2","54052","100.64.0.1","23557","0","154","16837"
"1746756886.526793000","9.250623000","9.250623000","454","52","100.64.0.2","54052","100.64.0.1","23557","0","154","16837"
"1746756886.531142000","9.254972000","9.254972000","455","296","100.64.0.1","23557","100.64.0.2","54052","244","16837","154"
"1746756886.713623000","9.437453000","9.437453000","456","52","100.64.0.2","54052","100.64.0.1","23557","0","154","17081"
"1746756886.717972000","9.441802000","9.441802000","457","296","100.64.0.1","23557","100.64.0.2","54052","244","17081","154"
"1746756886.901537000","9.625367000","9.625367000","458","52","100.64.0.2","54052","100.64.0.1","23557","0","154","17325"
"1746756886.905837000","9.629667000","9.629667000","459","296","100.64.0.1","23557","100.64.0.2","54052","244","17325","154"
"1746756886.905853000","9.629683000","9.629683000","460","296","100.64.0.1","23557","100.64.0.2","54052","244","72657","154"
"1746756887.088402000","9.812232000","9.812232000","461","52","100.64.0.2","54052","100.64.0.1","23557","0","154","17569"
"1746756887.088415000","9.812245000","9.812245000","462","52","100.64.0.2","54052","100.64.0.1","23557","0","154","17569"
"1746756887.092753000","9.816583000","9.816583000","463","296","100.64.0.1","23557","100.64.0.2","54052","244","17569","154"
"1746756887.276261000","10.000091000","10.000091000","464","52","100.64.0.2","54052","100.64.0.1","23557","0","154","17813"
"1746756887.280622000","10.004452000","10.004452000","465","296","100.64.0.1","23557","100.64.0.2","54052","244","17813","154"
"1746756887.280643000","10.004473000","10.004473000","466","296","100.64.0.1","23557","100.64.0.2","54052","244","72901","154"
"1746756887.463197000","10.187027000","10.187027000","467","52","100.64.0.2","54052","100.64.0.1","23557","0","154","18057"
"1746756887.463209000","10.187039000","10.187039000","468","52","100.64.0.2","54052","100.64.0.1","23557","0","154","18057"
"1746756887.467508000","10.191338000","10.191338000","469","296","100.64.0.1","23557","100.64.0.2","54052","244","18057","154"
"1746756887.652072000","10.375902000","10.375902000","470","52","100.64.0.2","54052","100.64.0.1","23557","0","154","18301"
"1746756887.656338000","10.380168000","10.380168000","471","296","100.64.0.1","23557","100.64.0.2","54052","244","18301","154"
"1746756887.656353000","10.380183000","10.380183000","472","296","100.64.0.1","23557","100.64.0.2","54052","244","73145","154"
"1746756887.838890000","10.562720000","10.562720000","473","52","100.64.0.2","54052","100.64.0.1","23557","0","154","18545"
"1746756887.838902000","10.562732000","10.562732000","474","52","100.64.0.2","54052","100.64.0.1","23557","0","154","18545"
"1746756887.843189000","10.567019000","10.567019000","475","296","100.64.0.1","23557","100.64.0.2","54052","244","18545","154"
"1746756888.026761000","10.750591000","10.750591000","476","52","100.64.0.2","54052","100.64.0.1","23557","0","154","18789"
"1746756888.031000000","10.754830000","10.754830000","477","296","100.64.0.1","23557","100.64.0.2","54052","244","18789","154"
"1746756888.031021000","10.754851000","10.754851000","478","296","100.64.0.1","23557","100.64.0.2","54052","244","73389","154"
"1746756888.213554000","10.937384000","10.937384000","479","52","100.64.0.2","54052","100.64.0.1","23557","0","154","19033"
"1746756888.213566000","10.937396000","10.937396000","480","52","100.64.0.2","54052","100.64.0.1","23557","0","154","19033"
"1746756888.217820000","10.941650000","10.941650000","481","296","100.64.0.1","23557","100.64.0.2","54052","244","19033","154"
"1746756888.401343000","11.125173000","11.125173000","482","52","100.64.0.2","54052","100.64.0.1","23557","0","154","19277"
"1746756888.405560000","11.129390000","11.129390000","483","296","100.64.0.1","23557","100.64.0.2","54052","244","19277","154"
"1746756888.405573000","11.129403000","11.129403000","484","296","100.64.0.1","23557","100.64.0.2","54052","244","73633","154"
"1746756888.588117000","11.311947000","11.311947000","485","52","100.64.0.2","54052","100.64.0.1","23557","0","154","19521"
"1746756888.588129000","11.311959000","11.311959000","486","52","100.64.0.2","54052","100.64.0.1","23557","0","154","19521"
"1746756888.592353000","11.316183000","11.316183000","487","296","100.64.0.1","23557","100.64.0.2","54052","244","19521","154"
"1746756888.776915000","11.500745000","11.500745000","488","52","100.64.0.2","54052","100.64.0.1","23557","0","154","19765"
"1746756888.781208000","11.505038000","11.505038000","489","296","100.64.0.1","23557","100.64.0.2","54052","244","19765","154"
"1746756888.781248000","11.505078000","11.505078000","490","296","100.64.0.1","23557","100.64.0.2","54052","244","73877","154"
"1746756888.963849000","11.687679000","11.687679000","491","52","100.64.0.2","54052","100.64.0.1","23557","0","154","20009"
"1746756888.963861000","11.687691000","11.687691000","492","52","100.64.0.2","54052","100.64.0.1","23557","0","154","20009"
"1746756888.968200000","11.692030000","11.692030000","493","296","100.64.0.1","23557","100.64.0.2","54052","244","20009","154"
"1746756889.151812000","11.875642000","11.875642000","494","52","100.64.0.2","54052","100.64.0.1","23557","0","154","20253"
"1746756889.156156000","11.879986000","11.879986000","495","296","100.64.0.1","23557","100.64.0.2","54052","244","20253","154"
"1746756889.156173000","11.880003000","11.880003000","496","296","100.64.0.1","23557","100.64.0.2","54052","244","74121","154"
"1746756889.338743000","12.062573000","12.062573000","497","52","100.64.0.2","54052","100.64.0.1","23557","0","154","20497"
"1746756889.338766000","12.062596000","12.062596000","498","52","100.64.0.2","54052","100.64.0.1","23557","0","154","20497"
"1746756889.343093000","12.066923000","12.066923000","499","296","100.64.0.1","23557","100.64.0.2","54052","244","20497","154"
"1746756889.526697000","12.250527000","12.250527000","500","52","100.64.0.2","54052","100.64.0.1","23557","0","154","20741"
"1746756889.530936000","12.254766000","12.254766000","501","296","100.64.0.1","23557","100.64.0.2","54052","244","20741","154"
"1746756889.530954000","12.254784000","12.254784000","502","296","100.64.0.1","23557","100.64.0.2","54052","244","74365","154"
"1746756889.713509000","12.437339000","12.437339000","503","52","100.64.0.2","54052","100.64.0.1","23557","0","154","20985"
"1746756889.713521000","12.437351000","12.437351000","504","52","100.64.0.2","54052","100.64.0.1","23557","0","154","20985"
"1746756889.717752000","12.441582000","12.441582000","505","296","100.64.0.1","23557","100.64.0.2","54052","244","20985","154"
"1746756889.761334000","12.485164000",,"506","48",,,,,,,
"1746756889.901394000","12.625224000","12.625224000","507","52","100.64.0.2","54052","100.64.0.1","23557","0","154","21229"
"1746756889.905718000","12.629548000","12.629548000","508","296","100.64.0.1","23557","100.64.0.2","54052","244","21229","154"
"1746756889.905738000","12.629568000","12.629568000","509","296","100.64.0.1","23557","100.64.0.2","54052","244","74609","154"
"1746756890.088361000","12.812191000","12.812191000","510","52","100.64.0.2","54052","100.64.0.1","23557","0","154","21473"
"1746756890.088375000","12.812205000","12.812205000","511","52","100.64.0.2","54052","100.64.0.1","23557","0","154","21473"
"1746756890.092624000","12.816454000","12.816454000","512","296","100.64.0.1","23557","100.64.0.2","54052","244","21473","154"
"1746756890.276235000","13.000065000","13.000065000","513","52","100.64.0.2","54052","100.64.0.1","23557","0","154","21717"
"1746756890.280506000","13.004336000","13.004336000","514","296","100.64.0.1","23557","100.64.0.2","54052","244","21717","154"
"1746756890.464046000","13.187876000","13.187876000","515","52","100.64.0.2","54052","100.64.0.1","23557","0","154","21961"
"1746756890.468230000","13.192060000","13.192060000","516","296","100.64.0.1","23557","100.64.0.2","54052","244","21961","154"
"1746756890.468244000","13.192074000","13.192074000","517","296","100.64.0.1","23557","100.64.0.2","54052","244","74853","154"
"1746756890.651841000","13.375671000","13.375671000","518","52","100.64.0.2","54052","100.64.0.1","23557","0","154","22205"
"1746756890.651852000","13.375682000","13.375682000","519","52","100.64.0.2","54052","100.64.0.1","23557","0","154","22205"
"1746756890.656049000","13.379879000","13.379879000","520","296","100.64.0.1","23557","100.64.0.2","54052","244","22205","154"
"1746756890.783231000","13.507061000",,"521","48",,,,,,,
"1746756890.838515000","13.562345000","13.562345000","522","52","100.64.0.2","54052","100.64.0.1","23557","0","154","22449"
"1746756890.842750000","13.566580000","13.566580000","523","296","100.64.0.1","23557","100.64.0.2","54052","244","22449","154"
"1746756890.842768000","13.566598000","13.566598000","524","296","100.64.0.1","23557","100.64.0.2","54052","244","75097","154"
"1746756891.026457000","13.750287000","13.750287000","525","52","100.64.0.2","54052","100.64.0.1","23557","0","154","22693"
"1746756891.026471000","13.750301000","13.750301000","526","52","100.64.0.2","54052","100.64.0.1","23557","0","154","22693"
"1746756891.030703000","13.754533000","13.754533000","527","296","100.64.0.1","23557","100.64.0.2","54052","244","22693","154"
"1746756891.213390000","13.937220000","13.937220000","528","52","100.64.0.2","54052","100.64.0.1","23557","0","154","22937"
"1746756891.217747000","13.941577000","13.941577000","529","296","100.64.0.1","23557","100.64.0.2","54052","244","22937","154"
"1746756891.217768000","13.941598000","13.941598000","530","296","100.64.0.1","23557","100.64.0.2","54052","244","75341","154"
"1746756891.401389000","14.125219000","14.125219000","531","52","100.64.0.2","54052","100.64.0.1","23557","0","154","23181"
"1746756891.401402000","14.125232000","14.125232000","532","52","100.64.0.2","54052","100.64.0.1","23557","0","154","23181"
"1746756891.405622000","14.129452000","14.129452000","533","296","100.64.0.1","23557","100.64.0.2","54052","244","23181","154"
"1746756891.588293000","14.312123000","14.312123000","534","52","100.64.0.2","54052","100.64.0.1","23557","0","154","23425"
"1746756891.592606000","14.316436000","14.316436000","535","296","100.64.0.1","23557","100.64.0.2","54052","244","23425","154"
"1746756891.592620000","14.316450000","14.316450000","536","296","100.64.0.1","23557","100.64.0.2","54052","244","75585","154"
"1746756891.776253000","14.500083000","14.500083000","537","52","100.64.0.2","54052","100.64.0.1","23557","0","154","23669"
"1746756891.776276000","14.500106000","14.500106000","538","52","100.64.0.2","54052","100.64.0.1","23557","0","154","23669"
"1746756891.780490000","14.504320000","14.504320000","539","296","100.64.0.1","23557","100.64.0.2","54052","244","23669","154"
"1746756891.963196000","14.687026000","14.687026000","540","52","100.64.0.2","54052","100.64.0.1","23557","0","154","23913"
"1746756891.967778000","14.691608000","14.691608000","541","296","100.64.0.1","23557","100.64.0.2","54052","244","23913","154"
"1746756891.967794000","14.691624000","14.691624000","542","296","100.64.0.1","23557","100.64.0.2","54052","244","75829","154"
"1746756892.151747000","14.875577000","14.875577000","543","52","100.64.0.2","54052","100.64.0.1","23557","0","154","24157"
"1746756892.151763000","14.875593000","14.875593000","544","52","100.64.0.2","54052","100.64.0.1","23557","0","154","24157"
"1746756892.156060000","14.879890000","14.879890000","545","296","100.64.0.1","23557","100.64.0.2","54052","244","24157","154"
"1746756892.338803000","15.062633000","15.062633000","546","52","100.64.0.2","54052","100.64.0.1","23557","0","154","24401"
"1746756892.343116000","15.066946000","15.066946000","547","296","100.64.0.1","23557","100.64.0.2","54052","244","24401","154"
"1746756892.343132000","15.066962000","15.066962000","548","296","100.64.0.1","23557","100.64.0.2","54052","244","76073","154"
"1746756892.526747000","15.250577000","15.250577000","549","52","100.64.0.2","54052","100.64.0.1","23557","0","154","24645"
"1746756892.526761000","15.250591000","15.250591000","550","52","100.64.0.2","54052","100.64.0.1","23557","0","154","24645"
"1746756892.530980000","15.254810000","15.254810000","551","296","100.64.0.1","23557","100.64.0.2","54052","244","24645","154"
"1746756892.713580000","15.437410000","15.437410000","552","52","100.64.0.2","54052","100.64.0.1","23557","0","154","24889"
"1746756892.717828000","15.441658000","15.441658000","553","296","100.64.0.1","23557","100.64.0.2","54052","244","24889","154"
"1746756892.717846000","15.441676000","15.441676000","554","296","100.64.0.1","23557","100.64.0.2","54052","244","76317","154"
"1746756892.901454000","15.625284000","15.625284000","555","52","100.64.0.2","54052","100.64.0.1","23557","0","154","25133"
"1746756892.901472000","15.625302000","15.625302000","556","52","100.64.0.2","54052","100.64.0.1","23557","0","154","25133"
"1746756892.905744000","15.629574000","15.629574000","557","296","100.64.0.1","23557","100.64.0.2","54052","244","25133","154"
"1746756893.088368000","15.812198000","15.812198000","558","52","100.64.0.2","54052","100.64.0.1","23557","0","154","25377"
"1746756893.092603000","15.816433000","15.816433000","559","296","100.64.0.1","23557","100.64.0.2","54052","244","25377","154"
"1746756893.092619000","15.816449000","15.816449000","560","296","100.64.0.1","23557","100.64.0.2","54052","244","76561","154"
"1746756893.276256000","16.000086000","16.000086000","561","52","100.64.0.2","54052","100.64.0.1","23557","0","154","25621"
"1746756893.276303000","16.000133000","16.000133000","562","52","100.64.0.2","54052","100.64.0.1","23557","0","154","25621"
"1746756893.280555000","16.004385000","16.004385000","563","296","100.64.0.1","23557","100.64.0.2","54052","244","25621","154"
"1746756893.463250000","16.187080000","16.187080000","564","52","100.64.0.2","54052","100.64.0.1","23557","0","154","25865"
"1746756893.467469000","16.191299000","16.191299000","565","296","100.64.0.1","23557","100.64.0.2","54052","244","25865","154"
"1746756893.467485000","16.191315000","16.191315000","566","296","100.64.0.1","23557","100.64.0.2","54052","244","76805","154"
"1746756893.651175000","16.375005000","16.375005000","567","52","100.64.0.2","54052","100.64.0.1","23557","0","154","26109"
"1746756893.651192000","16.375022000","16.375022000","568","52","100.64.0.2","54052","100.64.0.1","23557","0","154","26109"
"1746756893.655497000","16.379327000","16.379327000","569","296","100.64.0.1","23557","100.64.0.2","54052","244","26109","154"
"1746756893.839070000","16.562900000","16.562900000","570","52","100.64.0.2","54052","100.64.0.1","23557","0","154","26353"
"1746756893.843316000","16.567146000","16.567146000","571","296","100.64.0.1","23557","100.64.0.2","54052","244","26353","154"
"1746756893.843333000","16.567163000","16.567163000","572","296","100.64.0.1","23557","100.64.0.2","54052","244","77049","154"
"1746756894.026914000","16.750744000","16.750744000","573","52","100.64.0.2","54052","100.64.0.1","23557","0","154","26597"
"1746756894.026928000","16.750758000","16.750758000","574","52","100.64.0.2","54052","100.64.0.1","23557","0","154","26597"
"1746756894.031178000","16.755008000","16.755008000","575","296","100.64.0.1","23557","100.64.0.2","54052","244","26597","154"
"1746756894.213710000","16.937540000","16.937540000","576","52","100.64.0.2","54052","100.64.0.1","23557","0","154","26841"
"1746756894.218007000","16.941837000","16.941837000","577","296","100.64.0.1","23557","100.64.0.2","54052","244","26841","154"
"1746756894.401631000","17.125461000","17.125461000","578","52","100.64.0.2","54052","100.64.0.1","23557","0","154","27085"
"1746756894.405916000","17.129746000","17.129746000","579","296","100.64.0.1","23557","100.64.0.2","54052","244","27085","154"
"1746756894.405932000","17.129762000","17.129762000","580","296","100.64.0.1","23557","100.64.0.2","54052","244","77293","154"
"1746756894.588644000","17.312474000","17.312474000","581","52","100.64.0.2","54052","100.64.0.1","23557","0","154","27329"
"1746756894.588660000","17.312490000","17.312490000","582","52","100.64.0.2","54052","100.64.0.1","23557","0","154","27329"
"1746756894.592953000","17.316783000","17.316783000","583","296","100.64.0.1","23557","100.64.0.2","54052","244","27329","154"
"1746756894.776599000","17.500429000","17.500429000","584","52","100.64.0.2","54052","100.64.0.1","23557","0","154","27573"
"1746756894.780895000","17.504725000","17.504725000","585","296","100.64.0.1","23557","100.64.0.2","54052","244","27573","154"
"1746756894.780912000","17.504742000","17.504742000","586","296","100.64.0.1","23557","100.64.0.2","54052","244","77537","154"
"1746756894.963444000","17.687274000","17.687274000","587","52","100.64.0.2","54052","100.64.0.1","23557","0","154","27817"
"1746756894.963459000","17.687289000","17.687289000","588","52","100.64.0.2","54052","100.64.0.1","23557","0","154","27817"
"1746756894.967740000","17.691570000","17.691570000","589","296","100.64.0.1","23557","100.64.0.2","54052","244","27817","154"
"1746756895.151376000","17.875206000","17.875206000","590","52","100.64.0.2","54052","100.64.0.1","23557","0","154","28061"
"1746756895.155684000","17.879514000","17.879514000","591","296","100.64.0.1","23557","100.64.0.2","54052","244","28061","154"
"1746756895.155699000","17.879529000","17.879529000","592","296","100.64.0.1","23557","100.64.0.2","54052","244","77781","154"
"1746756895.338363000","18.062193000","18.062193000","593","52","100.64.0.2","54052","100.64.0.1","23557","0","154","28305"
"1746756895.338379000","18.062209000","18.062209000","594","52","100.64.0.2","54052","100.64.0.1","23557","0","154","28305"
"1746756895.342672000","18.066502000","18.066502000","595","296","100.64.0.1","23557","100.64.0.2","54052","244","28305","154"
"1746756895.526374000","18.250204000","18.250204000","596","52","100.64.0.2","54052","100.64.0.1","23557","0","154","28549"
"1746756895.530696000","18.254526000","18.254526000","597","296","100.64.0.1","23557","100.64.0.2","54052","244","28549","154"
"1746756895.530711000","18.254541000","18.254541000","598","296","100.64.0.1","23557","100.64.0.2","54052","244","78025","154"
"1746756895.713387000","18.437217000","18.437217000","599","52","100.64.0.2","54052","100.64.0.1","23557","0","154","28793"
"1746756895.713401000","18.437231000","18.437231000","600","52","100.64.0.2","54052","100.64.0.1","23557","0","154","28793"
"1746756895.717691000","18.441521000","18.441521000","601","296","100.64.0.1","23557","100.64.0.2","54052","244","28793","154"
"1746756895.901425000","18.625255000","18.625255000","602","52","100.64.0.2","54052","100.64.0.1","23557","0","154","29037"
"1746756895.905717000","18.629547000","18.629547000","603","296","100.64.0.1","23557","100.64.0.2","54052","244","29037","154"
"1746756895.905728000","18.629558000","18.629558000","604","296","100.64.0.1","23557","100.64.0.2","54052","244","78269","154"
"1746756896.088307000","18.812137000","18.812137000","605","52","100.64.0.2","54052","100.64.0.1","23557","0","154","29281"
"1746756896.088321000","18.812151000","18.812151000","606","52","100.64.0.2","54052","100.64.0.1","23557","0","154","29281"
"1746756896.092596000","18.816426000","18.816426000","607","296","100.64.0.1","23557","100.64.0.2","54052","244","29281","154"
"1746756896.276223000","19.000053000","19.000053000","608","52","100.64.0.2","54052","100.64.0.1","23557","0","154","29525"
"1746756896.280559000","19.004389000","19.004389000","609","296","100.64.0.1","23557","100.64.0.2","54052","244","29525","154"
"1746756896.280593000","19.004423000","19.004423000","610","296","100.64.0.1","23557","100.64.0.2","54052","244","78513","154"
"1746756896.463222000","19.187052000","19.187052000","611","52","100.64.0.2","54052","100.64.0.1","23557","0","154","29769"
"1746756896.463237000","19.187067000","19.187067000","612","52","100.64.0.2","54052","100.64.0.1","23557","0","154","29769"
"1746756896.467506000","19.191336000","19.191336000","613","296","100.64.0.1","23557","100.64.0.2","54052","244","29769","154"
"1746756896.652081000","19.375911000","19.375911000","614","52","100.64.0.2","54052","100.64.0.1","23557","0","154","30013"
"1746756896.656454000","19.380284000","19.380284000","615","296","100.64.0.1","23557","100.64.0.2","54052","244","30013","154"
"1746756896.656474000","19.380304000","19.380304000","616","296","100.64.0.1","23557","100.64.0.2","54052","244","78757","154"
"1746756896.839112000","19.562942000","19.562942000","617","52","100.64.0.2","54052","100.64.0.1","23557","0","154","30257"
"1746756896.839128000","19.562958000","19.562958000","618","52","100.64.0.2","54052","100.64.0.1","23557","0","154","30257"
"1746756896.843349000","19.567179000","19.567179000","619","296","100.64.0.1","23557","100.64.0.2","54052","244","30257","154"
"1746756897.026939000","19.750769000","19.750769000","620","52","100.64.0.2","54052","100.64.0.1","23557","0","154","30501"
"1746756897.031231000","19.755061000","19.755061000","621","296","100.64.0.1","23557","100.64.0.2","54052","244","30501","154"
"1746756897.031246000","19.755076000","19.755076000","622","296","100.64.0.1","23557","100.64.0.2","54052","244","79001","154"
"1746756897.213864000","19.937694000","19.937694000","623","52","100.64.0.2","54052","100.64.0.1","23557","0","154","30745"
"1746756897.213877000","19.937707000","19.937707000","624","52","100.64.0.2","54052","100.64.0.1","23557","0","154","30745"
"1746756897.218145000","19.941975000","19.941975000","625","296","100.64.0.1","23557","100.64.0.2","54052","244","30745","154"
"1746756897.401689000","20.125519000","20.125519000","626","52","100.64.0.2","54052","100.64.0.1","23557","0","154","30989"
"1746756897.405926000","20.129756000","20.129756000","627","296","100.64.0.1","23557","100.64.0.2","54052","244","30989","154"
"1746756897.405943000","20.129773000","20.129773000","628","296","100.64.0.1","23557","100.64.0.2","54052","244","79245","154"
"1746756897.588582000","20.312412000","20.312412000","629","52","100.64.0.2","54052","100.64.0.1","23557","0","154","31233"
"1746756897.588598000","20.312428000","20.312428000","630","52","100.64.0.2","54052","100.64.0.1","23557","0","154","31233"
"1746756897.592839000","20.316669000","20.316669000","631","296","100.64.0.1","23557","100.64.0.2","54052","244","31233","154"
"1746756897.776463000","20.500293000","20.500293000","632","52","100.64.0.2","54052","100.64.0.1","23557","0","154","31477"
"1746756897.780742000","20.504572000","20.504572000","633","296","100.64.0.1","23557","100.64.0.2","54052","244","31477","154"
"1746756897.780759000","20.504589000","20.504589000","634","296","100.64.0.1","23557","100.64.0.2","54052","244","79489","154"
"1746756897.963354000","20.687184000","20.687184000","635","52","100.64.0.2","54052","100.64.0.1","23557","0","154","31721"
"1746756897.963365000","20.687195000","20.687195000","636","52","100.64.0.2","54052","100.64.0.1","23557","0","154","31721"
"1746756897.967606000","20.691436000","20.691436000","637","296","100.64.0.1","23557","100.64.0.2","54052","244","31721","154"
"1746756898.151259000","20.875089000","20.875089000","638","52","100.64.0.2","54052","100.64.0.1","23557","0","154","31965"
"1746756898.155563000","20.879393000","20.879393000","639","296","100.64.0.1","23557","100.64.0.2","54052","244","31965","154"
"1746756898.338139000","21.061969000","21.061969000","640","52","100.64.0.2","54052","100.64.0.1","23557","0","154","32209"
"1746756898.342412000","21.066242000","21.066242000","641","296","100.64.0.1","23557","100.64.0.2","54052","244","32209","154"
"1746756898.342428000","21.066258000","21.066258000","642","296","100.64.0.1","23557","100.64.0.2","54052","244","79733","154"
"1746756898.526970000","21.250800000","21.250800000","643","52","100.64.0.2","54052","100.64.0.1","23557","0","154","32453"
"1746756898.526985000","21.250815000","21.250815000","644","52","100.64.0.2","54052","100.64.0.1","23557","0","154","32453"
"1746756898.531209000","21.255039000","21.255039000","645","296","100.64.0.1","23557","100.64.0.2","54052","244","32453","154"
"1746756898.713844000","21.437674000","21.437674000","646","52","100.64.0.2","54052","100.64.0.1","23557","0","154","32697"
"1746756898.718106000","21.441936000","21.441936000","647","296","100.64.0.1","23557","100.64.0.2","54052","244","32697","154"
"1746756898.718125000","21.441955000","21.441955000","648","296","100.64.0.1","23557","100.64.0.2","54052","244","79977","154"
"1746756898.901806000","21.625636000","21.625636000","649","52","100.64.0.2","54052","100.64.0.1","23557","0","154","32941"
"1746756898.901821000","21.625651000","21.625651000","650","52","100.64.0.2","54052","100.64.0.1","23557","0","154","32941"
"1746756898.906073000","21.629903000","21.629903000","651","296","100.64.0.1","23557","100.64.0.2","54052","244","32941","154"
"1746756899.088649000","21.812479000","21.812479000","652","52","100.64.0.2","54052","100.64.0.1","23557","0","154","33185"
"1746756899.092894000","21.816724000","21.816724000","653","296","100.64.0.1","23557","100.64.0.2","54052","244","33185","154"
"1746756899.092909000","21.816739000","21.816739000","654","296","100.64.0.1","23557","100.64.0.2","54052","244","80221","154"
"1746756899.276568000","22.000398000","22.000398000","655","52","100.64.0.2","54052","100.64.0.1","23557","0","154","33429"
"1746756899.276581000","22.000411000","22.000411000","656","52","100.64.0.2","54052","100.64.0.1","23557","0","154","33429"
"1746756899.280803000","22.004633000","22.004633000","657","296","100.64.0.1","23557","100.64.0.2","54052","244","33429","154"
"1746756899.463406000","22.187236000","22.187236000","658","52","100.64.0.2","54052","100.64.0.1","23557","0","154","33673"
"1746756899.467664000","22.191494000","22.191494000","659","296","100.64.0.1","23557","100.64.0.2","54052","244","33673","154"
"1746756899.467685000","22.191515000","22.191515000","660","296","100.64.0.1","23557","100.64.0.2","54052","244","80465","154"
"1746756899.651286000","22.375116000","22.375116000","661","52","100.64.0.2","54052","100.64.0.1","23557","0","154","33917"
"1746756899.651306000","22.375136000","22.375136000","662","52","100.64.0.2","54052","100.64.0.1","23557","0","154","33917"
"1746756899.655531000","22.379361000","22.379361000","663","296","100.64.0.1","23557","100.64.0.2","54052","244","33917","154"
"1746756899.838148000","22.561978000","22.561978000","664","52","100.64.0.2","54052","100.64.0.1","23557","0","154","34161"
"1746756899.842398000","22.566228000","22.566228000","665","296","100.64.0.1","23557","100.64.0.2","54052","244","34161","154"
"1746756899.842418000","22.566248000","22.566248000","666","296","100.64.0.1","23557","100.64.0.2","54052","244","80709","154"
"1746756900.027041000","22.750871000","22.750871000","667","52","100.64.0.2","54052","100.64.0.1","23557","0","154","34405"
"1746756900.027059000","22.750889000","22.750889000","668","52","100.64.0.2","54052","100.64.0.1","23557","0","154","34405"
"1746756900.031233000","22.755063000","22.755063000","669","296","100.64.0.1","23557","100.64.0.2","54052","244","34405","154"
"1746756900.213889000","22.937719000","22.937719000","670","52","100.64.0.2","54052","100.64.0.1","23557","0","154","34649"
"1746756900.218118000","22.941948000","22.941948000","671","296","100.64.0.1","23557","100.64.0.2","54052","244","34649","154"
"1746756900.218135000","22.941965000","22.941965000","672","296","100.64.0.1","23557","100.64.0.2","54052","244","80953","154"
"1746756900.401733000","23.125563000","23.125563000","673","52","100.64.0.2","54052","100.64.0.1","23557","0","154","34893"
"1746756900.401747000","23.125577000","23.125577000","674","52","100.64.0.2","54052","100.64.0.1","23557","0","154","34893"
"1746756900.405967000","23.129797000","23.129797000","675","296","100.64.0.1","23557","100.64.0.2","54052","244","34893","154"
"1746756900.588554000","23.312384000","23.312384000","676","52","100.64.0.2","54052","100.64.0.1","23557","0","154","35137"
"1746756900.592789000","23.316619000","23.316619000","677","296","100.64.0.1","23557","100.64.0.2","54052","244","35137","154"
"1746756900.592807000","23.316637000","23.316637000","678","296","100.64.0.1","23557","100.64.0.2","54052","244","81197","154"
"1746756900.776402000","23.500232000","23.500232000","679","52","100.64.0.2","54052","100.64.0.1","23557","0","154","35381"
"1746756900.776415000","23.500245000","23.500245000","680","52","100.64.0.2","54052","100.64.0.1","23557","0","154","35381"
"1746756900.780689000","23.504519000","23.504519000","681","296","100.64.0.1","23557","100.64.0.2","54052","244","35381","154"
"1746756900.963341000","23.687171000","23.687171000","682","52","100.64.0.2","54052","100.64.0.1","23557","0","154","35625"
"1746756900.967632000","23.691462000","23.691462000","683","296","100.64.0.1","23557","100.64.0.2","54052","244","35625","154"
"1746756900.967653000","23.691483000","23.691483000","684","296","100.64.0.1","23557","100.64.0.2","54052","244","81441","154"
"1746756901.151342000","23.875172000","23.875172000","685","52","100.64.0.2","54052","100.64.0.1","23557","0","154","35869"
"1746756901.151352000","23.875182000","23.875182000","686","52","100.64.0.2","54052","100.64.0.1","23557","0","154","35869"
"1746756901.155627000","23.879457000","23.879457000","687","296","100.64.0.1","23557","100.64.0.2","54052","244","35869","154"
"1746756901.338228000","24.062058000","24.062058000","688","52","100.64.0.2","54052","100.64.0.1","23557","0","154","36113"
"1746756901.342459000","24.066289000","24.066289000","689","296","100.64.0.1","23557","100.64.0.2","54052","244","36113","154"
"1746756901.342476000","24.066306000","24.066306000","690","296","100.64.0.1","23557","100.64.0.2","54052","244","81685","154"
"1746756901.527031000","24.250861000","24.250861000","691","52","100.64.0.2","54052","100.64.0.1","23557","0","154","36357"
"1746756901.527045000","24.250875000","24.250875000","692","52","100.64.0.2","54052","100.64.0.1","23557","0","154","36357"
"1746756901.531350000","24.255180000","24.255180000","693","296","100.64.0.1","23557","100.64.0.2","54052","244","36357","154"
"1746756901.713895000","24.437725000","24.437725000","694","52","100.64.0.2","54052","100.64.0.1","23557","0","154","36601"
"1746756901.718172000","24.442002000","24.442002000","695","296","100.64.0.1","23557","100.64.0.2","54052","244","36601","154"
"1746756901.901679000","24.625509000","24.625509000","696","52","100.64.0.2","54052","100.64.0.1","23557","0","154","36845"
"1746756901.905928000","24.629758000","24.629758000","697","296","100.64.0.1","23557","100.64.0.2","54052","244","36845","154"
"1746756901.905942000","24.629772000","24.629772000","698","296","100.64.0.1","23557","100.64.0.2","54052","244","81929","154"
"1746756902.088519000","24.812349000","24.812349000","699","52","100.64.0.2","54052","100.64.0.1","23557","0","154","37089"
"1746756902.088533000","24.812363000","24.812363000","700","52","100.64.0.2","54052","100.64.0.1","23557","0","154","37089"
"1746756902.092805000","24.816635000","24.816635000","701","296","100.64.0.1","23557","100.64.0.2","54052","244","37089","154"
"1746756902.276528000","25.000358000","25.000358000","702","52","100.64.0.2","54052","100.64.0.1","23557","0","154","37333"
"1746756902.280817000","25.004647000","25.004647000","703","296","100.64.0.1","23557","100.64.0.2","54052","244","37333","154"
"1746756902.280837000","25.004667000","25.004667000","704","296","100.64.0.1","23557","100.64.0.2","54052","244","82173","154"
"1746756902.463432000","25.187262000","25.187262000","705","52","100.64.0.2","54052","100.64.0.1","23557","0","154","37577"
"1746756902.463448000","25.187278000","25.187278000","706","52","100.64.0.2","54052","100.64.0.1","23557","0","154","37577"
"1746756902.467664000","25.191494000","25.191494000","707","296","100.64.0.1","23557","100.64.0.2","54052","244","37577","154"
"1746756902.651250000","25.375080000","25.375080000","708","52","100.64.0.2","54052","100.64.0.1","23557","0","154","37821"
"1746756902.655473000","25.379303000","25.379303000","709","296","100.64.0.1","23557","100.64.0.2","54052","244","37821","154"
"1746756902.655490000","25.379320000","25.379320000","710","296","100.64.0.1","23557","100.64.0.2","54052","244","82417","154"
"1746756902.839054000","25.562884000","25.562884000","711","52","100.64.0.2","54052","100.64.0.1","23557","0","154","38065"
"1746756902.839069000","25.562899000","25.562899000","712","52","100.64.0.2","54052","100.64.0.1","23557","0","154","38065"
"1746756902.843232000","25.567062000","25.567062000","713","296","100.64.0.1","23557","100.64.0.2","54052","244","38065","154"
"1746756903.026759000","25.750589000","25.750589000","714","52","100.64.0.2","54052","100.64.0.1","23557","0","154","38309"
"1746756903.030990000","25.754820000","25.754820000","715","296","100.64.0.1","23557","100.64.0.2","54052","244","38309","154"
"1746756903.031007000","25.754837000","25.754837000","716","296","100.64.0.1","23557","100.64.0.2","54052","244","82661","154"
"1746756903.213618000","25.937448000","25.937448000","717","52","100.64.0.2","54052","100.64.0.1","23557","0","154","38553"
"1746756903.213636000","25.937466000","25.937466000","718","52","100.64.0.2","54052","100.64.0.1","23557","0","154","38553"
"1746756903.217909000","25.941739000","25.941739000","719","296","100.64.0.1","23557","100.64.0.2","54052","244","38553","154"
"1746756903.401483000","26.125313000","26.125313000","720","52","100.64.0.2","54052","100.64.0.1","23557","0","154","38797"
"1746756903.405725000","26.129555000","26.129555000","721","296","100.64.0.1","23557","100.64.0.2","54052","244","38797","154"
"1746756903.405741000","26.129571000","26.129571000","722","296","100.64.0.1","23557","100.64.0.2","54052","244","82905","154"
"1746756903.588528000","26.312358000","26.312358000","723","52","100.64.0.2","54052","100.64.0.1","23557","0","154","39041"
"1746756903.588540000","26.312370000","26.312370000","724","52","100.64.0.2","54052","100.64.0.1","23557","0","154","39041"
"1746756903.592866000","26.316696000","26.316696000","725","296","100.64.0.1","23557","100.64.0.2","54052","244","39041","154"
"1746756903.776503000","26.500333000","26.500333000","726","52","100.64.0.2","54052","100.64.0.1","23557","0","154","39285"
"1746756903.780767000","26.504597000","26.504597000","727","296","100.64.0.1","23557","100.64.0.2","54052","244","39285","154"
"1746756903.780783000","26.504613000","26.504613000","728","296","100.64.0.1","23557","100.64.0.2","54052","244","83149","154"
"1746756903.963439000","26.687269000","26.687269000","729","52","100.64.0.2","54052","100.64.0.1","23557","0","154","39529"
"1746756903.963471000","26.687301000","26.687301000","730","52","100.64.0.2","54052","100.64.0.1","23557","0","154","39529"
"1746756903.967689000","26.691519000","26.691519000","731","296","100.64.0.1","23557","100.64.0.2","54052","244","39529","154"
"1746756904.151452000","26.875282000","26.875282000","732","52","100.64.0.2","54052","100.64.0.1","23557","0","154","39773"
"1746756904.155836000","26.879666000","26.879666000","733","296","100.64.0.1","23557","100.64.0.2","54052","244","39773","154"
"1746756904.155865000","26.879695000","26.879695000","734","296","100.64.0.1","23557","100.64.0.2","54052","244","83393","154"
"1746756904.338578000","27.062408000","27.062408000","735","52","100.64.0.2","54052","100.64.0.1","23557","0","154","40017"
"1746756904.338595000","27.062425000","27.062425000","736","52","100.64.0.2","54052","100.64.0.1","23557","0","154","40017"
"1746756904.342834000","27.066664000","27.066664000","737","296","100.64.0.1","23557","100.64.0.2","54052","244","40017","154"
"1746756904.526402000","27.250232000","27.250232000","738","52","100.64.0.2","54052","100.64.0.1","23557","0","154","40261"
"1746756904.530694000","27.254524000","27.254524000","739","296","100.64.0.1","23557","100.64.0.2","54052","244","40261","154"
"1746756904.530706000","27.254536000","27.254536000","740","296","100.64.0.1","23557","100.64.0.2","54052","244","83637","154"
"1746756904.713287000","27.437117000","27.437117000","741","52","100.64.0.2","54052","100.64.0.1","23557","0","154","40505"
"1746756904.713303000","27.437133000","27.437133000","742","52","100.64.0.2","54052","100.64.0.1","23557","0","154","40505"
"1746756904.717623000","27.441453000","27.441453000","743","296","100.64.0.1","23557","100.64.0.2","54052","244","40505","154"
"1746756904.901116000","27.624946000","27.624946000","744","52","100.64.0.2","54052","100.64.0.1","23557","0","154","40749"
"1746756904.905398000","27.629228000","27.629228000","745","296","100.64.0.1","23557","100.64.0.2","54052","244","40749","154"
"1746756904.905410000","27.629240000","27.629240000","746","296","100.64.0.1","23557","100.64.0.2","54052","244","83881","154"
"1746756905.088917000","27.812747000","27.812747000","747","52","100.64.0.2","54052","100.64.0.1","23557","0","154","40993"
"1746756905.088928000","27.812758000","27.812758000","748","52","100.64.0.2","54052","100.64.0.1","23557","0","154","40993"
"1746756905.093124000","27.816954000","27.816954000","749","296","100.64.0.1","23557","100.64.0.2","54052","244","40993","154"
"1746756905.276718000","28.000548000","28.000548000","750","52","100.64.0.2","54052","100.64.0.1","23557","0","154","41237"
"1746756905.280930000","28.004760000","28.004760000","751","296","100.64.0.1","23557","100.64.0.2","54052","244","41237","154"
"1746756905.280944000","28.004774000","28.004774000","752","296","100.64.0.1","23557","100.64.0.2","54052","244","84125","154"
"1746756905.463479000","28.187309000","28.187309000","753","52","100.64.0.2","54052","100.64.0.1","23557","0","154","41481"
"1746756905.463493000","28.187323000","28.187323000","754","52","100.64.0.2","54052","100.64.0.1","23557","0","154","41481"
"1746756905.467697000","28.191527000","28.191527000","755","296","100.64.0.1","23557","100.64.0.2","54052","244","41481","154"
"1746756905.651202000","28.375032000","28.375032000","756","52","100.64.0.2","54052","100.64.0.1","23557","0","154","41725"
"1746756905.655416000","28.379246000","28.379246000","757","296","100.64.0.1","23557","100.64.0.2","54052","244","41725","154"
"1746756905.838946000","28.562776000","28.562776000","758","52","100.64.0.2","54052","100.64.0.1","23557","0","154","41969"
"1746756905.843163000","28.566993000","28.566993000","759","296","100.64.0.1","23557","100.64.0.2","54052","244","41969","154"
"1746756905.843181000","28.567011000","28.567011000","760","296","100.64.0.1","23557","100.64.0.2","54052","244","84369","154"
"1746756906.026724000","28.750554000","28.750554000","761","52","100.64.0.2","54052","100.64.0.1","23557","0","154","42213"
"1746756906.026737000","28.750567000","28.750567000","762","52","100.64.0.2","54052","100.64.0.1","23557","0","154","42213"
"1746756906.030964000","28.754794000","28.754794000","763","296","100.64.0.1","23557","100.64.0.2","54052","244","42213","154"
"1746756906.213525000","28.937355000","28.937355000","764","52","100.64.0.2","54052","100.64.0.1","23557","0","154","42457"
"1746756906.217754000","28.941584000","28.941584000","765","296","100.64.0.1","23557","100.64.0.2","54052","244","42457","154"
"1746756906.217771000","28.941601000","28.941601000","766","296","100.64.0.1","23557","100.64.0.2","54052","244","84613","154"
"1746756906.401351000","29.125181000","29.125181000","767","52","100.64.0.2","54052","100.64.0.1","23557","0","154","42701"
"1746756906.401366000","29.125196000","29.125196000","768","52","100.64.0.2","54052","100.64.0.1","23557","0","154","42701"
"1746756906.405580000","29.129410000","29.129410000","769","296","100.64.0.1","23557","100.64.0.2","54052","244","42701","154"
"1746756906.588132000","29.311962000","29.311962000","770","52","100.64.0.2","54052","100.64.0.1","23557","0","154","42945"
"1746756906.592353000","29.316183000","29.316183000","771","296","100.64.0.1","23557","100.64.0.2","54052","244","42945","154"
"1746756906.592370000","29.316200000","29.316200000","772","296","100.64.0.1","23557","100.64.0.2","54052","244","84857","154"
"1746756906.657345000","29.381175000",,"773","48",,,,,,,
"1746756906.776916000","29.500746000","29.500746000","774","52","100.64.0.2","54052","100.64.0.1","23557","0","154","43189"
"1746756906.776930000","29.500760000","29.500760000","775","52","100.64.0.2","54052","100.64.0.1","23557","0","154","43189"
"1746756906.781147000","29.504977000","29.504977000","776","296","100.64.0.1","23557","100.64.0.2","54052","244","43189","154"
"1746756906.963716000","29.687546000","29.687546000","777","52","100.64.0.2","54052","100.64.0.1","23557","0","154","43433"
"1746756906.967934000","29.691764000","29.691764000","778","296","100.64.0.1","23557","100.64.0.2","54052","244","43433","154"
"1746756906.967949000","29.691779000","29.691779000","779","296","100.64.0.1","23557","100.64.0.2","54052","244","85101","154"
"1746756907.151515000","29.875345000","29.875345000","780","52","100.64.0.2","54052","100.64.0.1","23557","0","154","43677"
"1746756907.151530000","29.875360000","29.875360000","781","52","100.64.0.2","54052","100.64.0.1","23557","0","154","43677"
"1746756907.155733000","29.879563000","29.879563000","782","296","100.64.0.1","23557","100.64.0.2","54052","244","43677","154"
"1746756907.276580000","30.000410000","30.000410000","783","52","100.64.0.2","54052","100.64.0.1","23557","0","154","43677"
"1746756907.321327000","30.045157000","30.045157000","784","52","100.64.0.1","23557","100.64.0.2","54052","0","85345","155"
"1746756907.338272000","30.062102000","30.062102000","785","40","100.64.0.2","54052","100.64.0.1","23557","0","154","0"
"1746756907.463832000","30.187662000","30.187662000","786","40","100.64.0.2","54052","100.64.0.1","23557","0","155","0"
"1746756908.191230000","30.915060000",,"787","48",,,,,,,
